Code_departement;departement;Inscrits;Votants
01;AIN;87300;74661
01;AIN;90517;77596
01;AIN;84104;72725
02;AISNE;66550;58622
02;AISNE;85326;75823
02;AISNE;52801;47082
02;AISNE;65204;57755
02;AISNE;90796;79797
03;ALLIER;62298;54559
03;ALLIER;70985;62190
03;ALLIER;57805;50741
03;ALLIER;75434;64958
04;ALPES-DE-HAUTE-PROVENCE;42333;36852
04;ALPES-DE-HAUTE-PROVENCE;45170;39610
05;HAUTES-ALPES;41301;36400
05;HAUTES-ALPES;33692;28617
06;ALPES-MARITIMES;65135;54365
06;ALPES-MARITIMES;87755;72459
06;ALPES-MARITIMES;103487;87052
06;ALPES-MARITIMES;81238;68684
06;ALPES-MARITIMES;114067;97803
06;ALPES-MARITIMES;143212;121010
07;ARDECHE;66163;57954
07;ARDECHE;70012;60747
07;ARDECHE;56929;49474
08;ARDENNES;65234;57661
08;ARDENNES;66902;58489
08;ARDENNES;60832;53965
09;ARIEGE;52791;46257
09;ARIEGE;54012;46558
10;AUBE;54039;47018
10;AUBE;64603;56284
10;AUBE;69852;59476
11;AUDE;68827;60482
11;AUDE;76938;68077
11;AUDE;59151;52991
12;AVEYRON;74766;66292
12;AVEYRON;64134;56874
12;AVEYRON;70755;62786
13;BOUCHES-DU-RHONE;40986;29468
13;BOUCHES-DU-RHONE;105963;86378
13;BOUCHES-DU-RHONE;53081;40480
13;BOUCHES-DU-RHONE;83749;65877
13;BOUCHES-DU-RHONE;62011;49232
13;BOUCHES-DU-RHONE;100970;85302
13;BOUCHES-DU-RHONE;47572;36848
13;BOUCHES-DU-RHONE;115772;96146
13;BOUCHES-DU-RHONE;127267;109629
13;BOUCHES-DU-RHONE;188920;161166
13;BOUCHES-DU-RHONE;109862;95544
14;CALVADOS;131956;112956
14;CALVADOS;63300;55758
14;CALVADOS;76277;66777
14;CALVADOS;58334;50604
14;CALVADOS;59848;52691
15;CANTAL;68199;59454
15;CANTAL;56244;47762
16;CHARENTE;101245;88077
16;CHARENTE;71730;62858
16;CHARENTE;72555;64411
17;CHARENTE-MARITIME;97986;83271
17;CHARENTE-MARITIME;51836;44900
17;CHARENTE-MARITIME;52637;45620
17;CHARENTE-MARITIME;79482;68553
17;CHARENTE-MARITIME;84339;71871
18;CHER;82612;72057
18;CHER;76012;67107
18;CHER;61206;53403
19;CORREZE;59092;52484
19;CORREZE;75850;68028
19;CORREZE;49074;43189
2A;CORSE-DU-SUD;61313;45575
2A;CORSE-DU-SUD;54215;37709
2B;HAUTE-CORSE;60083;45909
2B;HAUTE-CORSE;30215;21692
21;COTE-D'OR;94148;81201
21;COTE-D'OR;88737;76444
21;COTE-D'OR;60768;52769
21;COTE-D'OR;56068;48828
22;COTES-D'ARMOR;107352;96021
22;COTES-D'ARMOR;74289;67409
22;COTES-D'ARMOR;63794;58032
22;COTES-D'ARMOR;67150;60794
22;COTES-D'ARMOR;82928;73391
23;CREUSE;54802;46878
23;CREUSE;59175;49823
24;DORDOGNE;80068;71501
24;DORDOGNE;72532;64015
24;DORDOGNE;69481;62133
24;DORDOGNE;71517;63983
25;DOUBS;113162;97630
25;DOUBS;113741;99485
25;DOUBS;67746;60553
26;DROME;94076;80855
26;DROME;81089;70241
26;DROME;81571;70447
27;EURE;93692;81519
27;EURE;62981;56070
27;EURE;77973;68826
27;EURE;73344;64901
28;EURE-ET-LOIR;82376;72859
28;EURE-ET-LOIR;85121;74638
28;EURE-ET-LOIR;70490;61911
29;FINISTERE;82425;72459
29;FINISTERE;108473;90133
29;FINISTERE;82514;73389
29;FINISTERE;63539;56641
29;FINISTERE;65715;58785
29;FINISTERE;63375;55574
29;FINISTERE;57298;49687
29;FINISTERE;71848;62358
30;GARD;95479;78911
30;GARD;134446;117506
30;GARD;76422;66714
30;GARD;57445;49584
31;HAUTE-GARONNE;66462;56417
31;HAUTE-GARONNE;80179;67266
31;HAUTE-GARONNE;89312;74860
31;HAUTE-GARONNE;121753;104900
31;HAUTE-GARONNE;107512;96318
31;HAUTE-GARONNE;63146;54696
32;GERS;69647;61431
32;GERS;63897;56558
33;GIRONDE;77456;64857
33;GIRONDE;29871;23852
33;GIRONDE;48504;39135
33;GIRONDE;91237;79506
33;GIRONDE;89998;79391
33;GIRONDE;115926;99378
33;GIRONDE;89324;78251
33;GIRONDE;68054;60029
33;GIRONDE;65978;57221
33;GIRONDE;58990;51472
34;HERAULT;122353;105193
34;HERAULT;115147;99880
34;HERAULT;79634;68644
34;HERAULT;82041;70548
34;HERAULT;59027;50219
35;ILLE-ET-VILAINE;196865;84128
35;ILLE-ET-VILAINE;133279;116905
35;ILLE-ET-VILAINE;53888;48292
35;ILLE-ET-VILAINE;57607;50454
35;ILLE-ET-VILAINE;56073;49865
35;ILLE-ET-VILAINE;94104;81739
36;INDRE;66735;58865
36;INDRE;57759;50401
36;INDRE;56108;49212
37;INDRE-ET-LOIRE;78807;65181
37;INDRE-ET-LOIRE;84034;72791
37;INDRE-ET-LOIRE;72065;64162
37;INDRE-ET-LOIRE;94801;82283
38;ISERE;82777;71350
38;ISERE;108660;91167
38;ISERE;89149;76657
38;ISERE;75362;65056
38;ISERE;68971;59774
38;ISERE;61941;55007
38;ISERE;72740;63309
39;JURA;83198;72883
39;JURA;86584;77189
40;LANDES;72459;63783
40;LANDES;85471;75963
40;LANDES;61363;55591
41;LOIR-ET-CHER;81745;71964
41;LOIR-ET-CHER;68087;60010
41;LOIR-ET-CHER;58174;51983
42;LOIRE;57286;47059
42;LOIRE;77309;62825
42;LOIRE;80190;69739
42;LOIRE;58094;49046
42;LOIRE;70757;59805
42;LOIRE;53629;46380
42;LOIRE;78325;68196
43;HAUTE-LOIRE;79680;69544
43;HAUTE-LOIRE;73003;64245
44;LOIRE-ATLANTIQUE;93744;78171
44;LOIRE-ATLANTIQUE;77371;64528
44;LOIRE-ATLANTIQUE;85599;74005
44;LOIRE-ATLANTIQUE;108433;96228
44;LOIRE-ATLANTIQUE;55835;48888
44;LOIRE-ATLANTIQUE;91602;78494
44;LOIRE-ATLANTIQUE;65759;57109
44;LOIRE-ATLANTIQUE;74668;65803
45;LOIRET;94531;83088
45;LOIRET;89978;79586
45;LOIRET;75243;66503
45;LOIRET;80786;70540
46;LOT;60655;54498
46;LOT;56342;50967
47;LOT-ET-GARONNE;81173;70901
47;LOT-ET-GARONNE;63830;57134
47;LOT-ET-GARONNE;69936;62197
48;LOZERE;31044;26646
48;LOZERE;26217;23123
49;MAINE-ET-LOIRE;63067;53875
49;MAINE-ET-LOIRE;78532;69002
49;MAINE-ET-LOIRE;56225;48260
49;MAINE-ET-LOIRE;61646;53331
49;MAINE-ET-LOIRE;92639;82249
49;MAINE-ET-LOIRE;77866;68278
50;MANCHE;66917;58692
50;MANCHE;73090;64718
50;MANCHE;66431;57278
50;MANCHE;53025;45916
50;MANCHE;67461;57645
51;MARNE;95274;81930
51;MARNE;83541;70985
51;MARNE;87903;75920
51;MARNE;75747;66272
52;HAUTE-MARNE;76913;67193
52;HAUTE-MARNE;67815;58614
53;MAYENNE;76644;67637
53;MAYENNE;57103;50360
53;MAYENNE;54200;48303
54;MEURTHE-ET-MOSELLE;81821;69100
54;MEURTHE-ET-MOSELLE;92609;77452
54;MEURTHE-ET-MOSELLE;68460;56755
54;MEURTHE-ET-MOSELLE;56426;49089
54;MEURTHE-ET-MOSELLE;50083;44198
54;MEURTHE-ET-MOSELLE;54873;48710
54;MEURTHE-ET-MOSELLE;59927;51584
55;MEUSE;77809;68632
55;MEUSE;61113;53861
56;MORBIHAN;87032;75769
56;MORBIHAN;65428;56015
56;MORBIHAN;65054;58312
56;MORBIHAN;50126;43684
56;MORBIHAN;87880;75545
56;MORBIHAN;58200;51517
57;MOSELLE;114634;98657
57;MOSELLE;75573;65687
57;MOSELLE;80971;69680
57;MOSELLE;77479;68044
57;MOSELLE;92914;78713
57;MOSELLE;71096;59755
57;MOSELLE;57503;49826
57;MOSELLE;63901;55558
58;NIEVRE;66742;58158
58;NIEVRE;61872;53863
58;NIEVRE;48380;42252
59;NORD;50082;43150
59;NORD;45902;37363
59;NORD;50090;42091
59;NORD;48232;41029
59;NORD;72813;64699
59;NORD;78775;71546
59;NORD;111352;97973
59;NORD;59113;50993
59;NORD;91229;79783
59;NORD;87982;79740
59;NORD;123544;107280
59;NORD;53670;49780
59;NORD;57595;53013
59;NORD;85344;75686
59;NORD;71805;64246
59;NORD;68770;62632
59;NORD;48702;44715
59;NORD;65488;56443
59;NORD;85586;74654
59;NORD;82496;72796
59;NORD;44739;39577
59;NORD;66085;56574
59;NORD;52691;47796
60;OISE;71816;64112
60;OISE;80410;70809
60;OISE;78417;70041
60;OISE;108452;94409
60;OISE;70648;62995
61;ORNE;69697;60713
61;ORNE;59528;52155
61;ORNE;76382;67498
62;PAS-DE-CALAIS;85310;77083
62;PAS-DE-CALAIS;63945;59060
62;PAS-DE-CALAIS;59366;54409
62;PAS-DE-CALAIS;67127;61234
62;PAS-DE-CALAIS;66299;58831
62;PAS-DE-CALAIS;69940;63073
62;PAS-DE-CALAIS;79322;67858
62;PAS-DE-CALAIS;75414;69289
62;PAS-DE-CALAIS;65733;58529
62;PAS-DE-CALAIS;57986;50483
62;PAS-DE-CALAIS;66554;59626
62;PAS-DE-CALAIS;65483;56177
62;PAS-DE-CALAIS;53222;46412
62;PAS-DE-CALAIS;69813;61391
63;PUY-DE-DOME;106551;93183
63;PUY-DE-DOME;75684;66677
63;PUY-DE-DOME;63146;55351
63;PUY-DE-DOME;66342;58215
63;PUY-DE-DOME;75806;67660
64;PYRENEES-ATLANTIQUES;130330;114669
64;PYRENEES-ATLANTIQUES;88489;78742
64;PYRENEES-ATLANTIQUES;54447;47359
64;PYRENEES-ATLANTIQUES;117587;100731
65;HAUTES-PYRENEES;78121;66728
65;HAUTES-PYRENEES;89825;77179
66;PYRENEES-ORIENTALES;129437;108385
66;PYRENEES-ORIENTALES;95436;81775
67;BAS-RHIN;47197;39050
67;BAS-RHIN;81057;67014
67;BAS-RHIN;121665;102598
67;BAS-RHIN;74878;65409
67;BAS-RHIN;57836;50782
67;BAS-RHIN;60309;52321
67;BAS-RHIN;59259;51199
67;BAS-RHIN;77974;67478
68;HAUT-RHIN;80095;69441
68;HAUT-RHIN;72388;63311
68;HAUT-RHIN;85524;74896
68;HAUT-RHIN;75567;60503
68;HAUT-RHIN;99737;84279
69;RHONE;62391;51217
69;RHONE;59461;49192
69;RHONE;37027;29168
69;RHONE;57425;46185
69;RHONE;38919;31116
69;RHONE;62350;53191
69;RHONE;93972;81048
69;RHONE;81300;71144
69;RHONE;47213;40749
69;RHONE;61865;53050
69;RHONE;86471;73385
69;RHONE;79828;68742
69;RHONE;81067;68001
70;HAUTE-SAONE;78302;70122
70;HAUTE-SAONE;81297;72484
71;SAONE-ET-LOIRE;82478;69458
71;SAONE-ET-LOIRE;80349;68829
71;SAONE-ET-LOIRE;70324;61106
71;SAONE-ET-LOIRE;74805;63895
71;SAONE-ET-LOIRE;80784;69040
72;SARTHE;65958;57341
72;SARTHE;84534;74069
72;SARTHE;65891;58060
72;SARTHE;74934;65556
72;SARTHE;54522;47216
73;SAVOIE;81623;70360
73;SAVOIE;60485;50606
73;SAVOIE;73148;62870
74;HAUTE-SAVOIE;130324;111307
74;HAUTE-SAVOIE;67365;57237
74;HAUTE-SAVOIE;103926;87325
75;PARIS;33869;27922
75;PARIS;35271;27418
75;PARIS;44204;36373
75;PARIS;34466;27561
75;PARIS;42324;34142
75;PARIS;26989;22333
75;PARIS;36824;29723
75;PARIS;49764;39384
75;PARIS;32640;27399
75;PARIS;46394;39060
75;PARIS;47210;40662
75;PARIS;34726;29377
75;PARIS;44485;37475
75;PARIS;50072;42060
75;PARIS;47360;39002
75;PARIS;37182;29769
75;PARIS;55039;45972
75;PARIS;37135;31073
75;PARIS;47153;39548
75;PARIS;58350;49880
75;PARIS;45255;38273
75;PARIS;32476;27561
75;PARIS;37614;31506
75;PARIS;32095;26017
75;PARIS;44255;35761
75;PARIS;34205;27231
75;PARIS;33700;26557
75;PARIS;38172;31906
75;PARIS;41177;34726
75;PARIS;39992;33366
75;PARIS;52189;43185
76;SEINE-MARITIME;70650;60973
76;SEINE-MARITIME;96857;84335
76;SEINE-MARITIME;72258;61790
76;SEINE-MARITIME;95974;83815
76;SEINE-MARITIME;85325;75546
76;SEINE-MARITIME;96814;83695
76;SEINE-MARITIME;71538;61330
76;SEINE-MARITIME;64213;58008
76;SEINE-MARITIME;72500;64378
76;SEINE-MARITIME;57214;50910
77;SEINE-ET-MARNE;160502;138429
77;SEINE-ET-MARNE;127495;109758
77;SEINE-ET-MARNE;94760;81338
77;SEINE-ET-MARNE;75000;64952
77;SEINE-ET-MARNE;79410;68241
78;YVELINES;68952;58970
78;YVELINES;92066;78938
78;YVELINES;121864;105027
78;YVELINES;82854;71406
78;YVELINES;65581;56172
78;YVELINES;65164;56484
78;YVELINES;84708;73901
78;YVELINES;128919;113211
79;DEUX-SEVRES;98818;86056
79;DEUX-SEVRES;74495;66346
79;DEUX-SEVRES;66950;60005
80;SOMME;96217;83985
80;SOMME;69408;63189
80;SOMME;70852;65304
80;SOMME;64882;59056
80;SOMME;70625;64328
81;TARN;88533;79206
81;TARN;81877;73662
81;TARN;76325;68857
82;TARN-ET-GARONNE;67557;60823
82;TARN-ET-GARONNE;69593;61477
83;VAR;105787;92435
83;VAR;127485;109547
83;VAR;97375;83703
83;VAR;139966;120259
84;VAUCLUSE;103870;89733
84;VAUCLUSE;88379;77209
84;VAUCLUSE;83298;72157
85;VENDEE;80604;72567
85;VENDEE;74745;66780
85;VENDEE;94577;82309
85;VENDEE;85719;78174
86;VIENNE;106076;92880
86;VIENNE;77364;67838
86;VIENNE;75921;66768
87;HAUTE-VIENNE;83385;73695
87;HAUTE-VIENNE;71368;63591
87;HAUTE-VIENNE;105226;92680
88;VOSGES;82411;72040
88;VOSGES;60129;52548
88;VOSGES;63247;55501
88;VOSGES;65387;57965
89;YONNE;69122;60309
89;YONNE;62721;54844
89;YONNE;84398;74045
90;TERRITOIRE DE BELFORT;44539;38886
90;TERRITOIRE DE BELFORT;36751;32449
91;ESSONNE;130308;111679
91;ESSONNE;160475;140588
91;ESSONNE;186589;158759
91;ESSONNE;117043;102793
92;HAUTS-DE-SEINE;34348;28469
92;HAUTS-DE-SEINE;43919;36705
92;HAUTS-DE-SEINE;65310;56079
92;HAUTS-DE-SEINE;53810;45428
92;HAUTS-DE-SEINE;49166;42708
92;HAUTS-DE-SEINE;59811;51223
92;HAUTS-DE-SEINE;65554;54833
92;HAUTS-DE-SEINE;68391;60036
92;HAUTS-DE-SEINE;72022;61551
92;HAUTS-DE-SEINE;62759;52177
92;HAUTS-DE-SEINE;64989;54325
92;HAUTS-DE-SEINE;112249;94988
92;HAUTS-DE-SEINE;100670;83879
93;SEINE-SAINT-DENIS;71087;58895
93;SEINE-SAINT-DENIS;43518;35603
93;SEINE-SAINT-DENIS;70589;57508
93;SEINE-SAINT-DENIS;73701;60388
93;SEINE-SAINT-DENIS;95586;78702
93;SEINE-SAINT-DENIS;64676;52618
93;SEINE-SAINT-DENIS;76332;62933
93;SEINE-SAINT-DENIS;117446;97992
93;SEINE-SAINT-DENIS;131265;112882
94;VAL-DE-MARNE;78029;64144
94;VAL-DE-MARNE;94575;79744
94;VAL-DE-MARNE;79275;65812
94;VAL-DE-MARNE;75358;64017
94;VAL-DE-MARNE;106796;91160
94;VAL-DE-MARNE;88086;72648
94;VAL-DE-MARNE;75352;62755
94;VAL-DE-MARNE;118960;102108
95;VAL-D'OISE;116492;101867
95;VAL-D'OISE;88572;76804
95;VAL-D'OISE;68462;57233
95;VAL-D'OISE;107816;93268
95;VAL-D'OISE;152501;129716