Code_departement;departement;Inscrits;Votants
01;AIN;70626;45575
01;AIN;71414;47888
01;AIN;60199;41720
02;AISNE;53744;40601
02;AISNE;70178;49223
02;AISNE;48147;36126
02;AISNE;54454;38712
02;AISNE;70215;48419
03;ALLIER;55628;36252
03;ALLIER;64589;38957
03;ALLIER;56221;34827
03;ALLIER;67341;46447
04;ALPES-DE-HAUTE-PROVENCE;32051;23115
04;ALPES-DE-HAUTE-PROVENCE;33434;23896
05;HAUTES-ALPES;32404;23446
05;HAUTES-ALPES;26330;17883
06;ALPES-MARITIMES;59792;39813
06;ALPES-MARITIMES;67861;48620
06;ALPES-MARITIMES;71870;48465
06;ALPES-MARITIMES;64286;43152
06;ALPES-MARITIMES;80844;55194
06;ALPES-MARITIMES;81929;56149
07;ARDECHE;58527;41272
07;ARDECHE;57900;41450
07;ARDECHE;50730;36309
08;ARDENNES;54038;36992
08;ARDENNES;60128;39046
08;ARDENNES;52540;38142
09;ARIEGE;45350;32995
09;ARIEGE;49483;35723
10;AUBE;44712;33301
10;AUBE;52104;37734
10;AUBE;59176;40805
11;AUDE;59003;44355
11;AUDE;64955;45016
11;AUDE;52947;42011
12;AVEYRON;63249;50049
12;AVEYRON;59483;45397
12;AVEYRON;65882;52602
13;BOUCHES-DU-RHONE;48435;30156
13;BOUCHES-DU-RHONE;81935;52062
13;BOUCHES-DU-RHONE;57762;33058
13;BOUCHES-DU-RHONE;63359;26176
13;BOUCHES-DU-RHONE;56505;32354
13;BOUCHES-DU-RHONE;63577;36430
13;BOUCHES-DU-RHONE;50978;26014
13;BOUCHES-DU-RHONE;80080;49221
13;BOUCHES-DU-RHONE;82525;58679
13;BOUCHES-DU-RHONE;106820;62497
13;BOUCHES-DU-RHONE;75879;50669
14;CALVADOS;92379;62829
14;CALVADOS;51073;37070
14;CALVADOS;57490;40275
14;CALVADOS;43720;32558
14;CALVADOS;48463;38804
15;CANTAL;57835;42731
15;CANTAL;52525;39909
16;CHARENTE;81775;58214
16;CHARENTE;59907;44225
16;CHARENTE;65339;47509
17;CHARENTE-MARITIME;70479;46639
17;CHARENTE-MARITIME;43994;29823
17;CHARENTE-MARITIME;46262;33020
17;CHARENTE-MARITIME;68994;48629
17;CHARENTE-MARITIME;67386;48400
18;CHER;65836;43373
18;CHER;64571;41356
18;CHER;57175;39139
19;CORREZE;55008;36737
19;CORREZE;62665;47473
19;CORREZE;44185;31810
20;CORSE;63298;37774
20;CORSE;52348;30820
20;CORSE;65718;40316
21;COTE-D'OR;72064;48391
21;COTE-D'OR;67425;46313
21;COTE-D'OR;51100;36805
21;COTE-D'OR;48505;36916
22;COTES-D'ARMOR;82359;59868
22;COTES-D'ARMOR;63721;46379
22;COTES-D'ARMOR;56905;42000
22;COTES-D'ARMOR;60089;41443
22;COTES-D'ARMOR;68393;48990
23;CREUSE;52031;34012
23;CREUSE;58741;35884
24;DORDOGNE;65386;49327
24;DORDOGNE;60776;46680
24;DORDOGNE;64471;48925
24;DORDOGNE;62958;48112
25;DOUBS;84579;61432
25;DOUBS;88716;58822
25;DOUBS;55791;44395
26;DROME;72757;50304
26;DROME;62524;45574
26;DROME;67857;47489
27;EURE;65666;47478
27;EURE;48590;35676
27;EURE;53161;38352
27;EURE;54422;41337
28;EURE-ET-LOIR;61716;45727
28;EURE-ET-LOIR;59324;43399
28;EURE-ET-LOIR;58737;43240
29;FINISTERE;65650;47198
29;FINISTERE;87479;55380
29;FINISTERE;60734;49138
29;FINISTERE;55775;40794
29;FINISTERE;57801;47085
29;FINISTERE;58927;42382
29;FINISTERE;52977;38140
29;FINISTERE;61197;41939
30;GARD;76373;45882
30;GARD;94557;63633
30;GARD;68275;40983
30;GARD;48514;30247
31;HAUTE-GARONNE;57905;42334
31;HAUTE-GARONNE;68119;48750
31;HAUTE-GARONNE;73871;54569
31;HAUTE-GARONNE;75072;53614
31;HAUTE-GARONNE;66872;52598
31;HAUTE-GARONNE;56910;42111
32;GERS;60273;45021
32;GERS;54846;40959
33;GIRONDE;78563;55548
33;GIRONDE;40203;27834
33;GIRONDE;53084;35704
33;GIRONDE;59879;39125
33;GIRONDE;57709;43073
33;GIRONDE;77242;50876
33;GIRONDE;67706;51253
33;GIRONDE;59714;44683
33;GIRONDE;55971;41462
33;GIRONDE;47435;35074
34;HERAULT;81097;56792
34;HERAULT;74682;52690
34;HERAULT;65203;40579
34;HERAULT;67877;44708
34;HERAULT;50556;32885
35;ILLE-ET-VILAINE;79952;55908
35;ILLE-ET-VILAINE;90458;63481
35;ILLE-ET-VILAINE;45628;37569
35;ILLE-ET-VILAINE;48985;36370
35;ILLE-ET-VILAINE;48825;39269
35;ILLE-ET-VILAINE;78520;59280
36;INDRE;53725;37424
36;INDRE;54917;38236
36;INDRE;52690;38064
37;INDRE-ET-LOIRE;71216;45286
37;INDRE-ET-LOIRE;57705;41946
37;INDRE-ET-LOIRE;58988;44557
37;INDRE-ET-LOIRE;65608;47950
38;ISERE;61018;39866
38;ISERE;86628;55673
38;ISERE;61056;37443
38;ISERE;56411;38475
38;ISERE;68197;45716
38;ISERE;55118;36799
38;ISERE;69284;46301
39;JURA;72414;52832
39;JURA;72064;52707
40;LANDES;58900;45720
40;LANDES;67830;52588
40;LANDES;53969;41787
41;LOIR-ET-CHER;61524;44936
41;LOIR-ET-CHER;54371;39501
41;LOIR-ET-CHER;49479;36863
42;LOIRE;54929;31598
42;LOIRE;72539;43147
42;LOIRE;64069;43152
42;LOIRE;53680;31621
42;LOIRE;61216;40736
42;LOIRE;47527;34909
42;LOIRE;63444;46532
43;HAUTE-LOIRE;70510;53179
43;HAUTE-LOIRE;67467;50386
44;LOIRE-ATLANTIQUE;84710;57955
44;LOIRE-ATLANTIQUE;63991;42275
44;LOIRE-ATLANTIQUE;60695;42621
44;LOIRE-ATLANTIQUE;68233;54575
44;LOIRE-ATLANTIQUE;49422;38143
44;LOIRE-ATLANTIQUE;70955;46060
44;LOIRE-ATLANTIQUE;50714;38955
44;LOIRE-ATLANTIQUE;58877;47477
45;LOIRET;64044;46532
45;LOIRET;66120;47264
45;LOIRET;59080;45088
45;LOIRET;62766;43739
46;LOT;51741;41827
46;LOT;49674;39851
47;LOT-ET-GARONNE;67084;50454
47;LOT-ET-GARONNE;54410;40884
47;LOT-ET-GARONNE;56864;44599
48;LOZERE;29397;21376
48;LOZERE;23868;18591
49;MAINE-ET-LOIRE;51273;33747
49;MAINE-ET-LOIRE;58947;43009
49;MAINE-ET-LOIRE;48015;33100
49;MAINE-ET-LOIRE;51846;38704
49;MAINE-ET-LOIRE;68700;54541
49;MAINE-ET-LOIRE;61312;44584
50;MANCHE;52382;40496
50;MANCHE;65244;50849
50;MANCHE;54069;41351
50;MANCHE;45507;34034
50;MANCHE;53222;36028
51;MARNE;65940;43226
51;MARNE;69948;43963
51;MARNE;67963;47314
51;MARNE;63908;44614
52;HAUTE-MARNE;66702;50586
52;HAUTE-MARNE;55923;38380
53;MAYENNE;58222;44447
53;MAYENNE;48981;38918
53;MAYENNE;47354;37586
54;MEURTHE-ET-MOSELLE;67021;44598
54;MEURTHE-ET-MOSELLE;67422;44903
54;MEURTHE-ET-MOSELLE;59124;39463
54;MEURTHE-ET-MOSELLE;49327;35779
54;MEURTHE-ET-MOSELLE;39786;30194
54;MEURTHE-ET-MOSELLE;47314;26560
54;MEURTHE-ET-MOSELLE;48219;28439
55;MEUSE;67279;49213
55;MEUSE;53735;39219
56;MORBIHAN;66735;52196
56;MORBIHAN;54285;38465
56;MORBIHAN;53820;41283
56;MORBIHAN;43817;33661
56;MORBIHAN;67745;43574
56;MORBIHAN;53942;37934
57;MOSELLE;84307;57923
57;MOSELLE;55449;41193
57;MOSELLE;67243;42623
57;MOSELLE;59799;42360
57;MOSELLE;69778;49813
57;MOSELLE;57044;40674
57;MOSELLE;46873;36439
57;MOSELLE;54843;44600
58;NIEVRE;56979;40432
58;NIEVRE;53698;37557
58;NIEVRE;45782;34233
59;NORD;46351;34070
59;NORD;52501;34220
59;NORD;44465;30636
59;NORD;42758;28505
59;NORD;58639;42414
59;NORD;56201;43053
59;NORD;79175;58024
59;NORD;61310;43303
59;NORD;74762;57225
59;NORD;70909;54311
59;NORD;90388;62416
59;NORD;41442;36095
59;NORD;46946;39121
59;NORD;70493;45106
59;NORD;59860;37157
59;NORD;60139;43277
59;NORD;45315;33936
59;NORD;54728;35298
59;NORD;71924;44240
59;NORD;71263;38201
59;NORD;38910;28106
59;NORD;52654;34565
59;NORD;45290;31687
60;OISE;55114;42574
60;OISE;58451;41909
60;OISE;55408;37246
60;OISE;74947;47773
60;OISE;50402;36791
61;ORNE;57006;43031
61;ORNE;51001;39097
61;ORNE;62254;47332
62;PAS-DE-CALAIS;63332;46004
62;PAS-DE-CALAIS;53824;43788
62;PAS-DE-CALAIS;52785;39400
62;PAS-DE-CALAIS;52950;42748
62;PAS-DE-CALAIS;52595;39067
62;PAS-DE-CALAIS;57800;45875
62;PAS-DE-CALAIS;61679;40676
62;PAS-DE-CALAIS;60563;49731
62;PAS-DE-CALAIS;56196;38812
62;PAS-DE-CALAIS;51018;31674
62;PAS-DE-CALAIS;53884;35647
62;PAS-DE-CALAIS;55293;33663
62;PAS-DE-CALAIS;46135;29919
62;PAS-DE-CALAIS;54768;34127
63;PUY-DE-DOME;78898;50733
63;PUY-DE-DOME;67438;47041
63;PUY-DE-DOME;50291;34765
63;PUY-DE-DOME;62402;41980
63;PUY-DE-DOME;64837;45052
64;PYRENEES-ATLANTIQUES;101330;75397
64;PYRENEES-ATLANTIQUES;76195;58436
64;PYRENEES-ATLANTIQUES;48343;38078
64;PYRENEES-ATLANTIQUES;89404;67381
65;HAUTES-PYRENEES;68712;47053
65;HAUTES-PYRENEES;72598;51636
66;PYRENEES-ORIENTALES;92325;62927
66;PYRENEES-ORIENTALES;77584;51984
67;BAS-RHIN;52002;34408
67;BAS-RHIN;67524;43492
67;BAS-RHIN;84656;56612
67;BAS-RHIN;60200;47293
67;BAS-RHIN;46939;36159
67;BAS-RHIN;51121;37795
67;BAS-RHIN;48345;37388
67;BAS-RHIN;60086;44828
68;HAUT-RHIN;69269;52784
68;HAUT-RHIN;59287;44597
68;HAUT-RHIN;69923;56147
68;HAUT-RHIN;76687;53445
68;HAUT-RHIN;68345;50038
69;RHONE;63080;39356
69;RHONE;55293;36538
69;RHONE;47761;30790
69;RHONE;62315;43363
69;RHONE;48120;32468
69;RHONE;111330;61737
69;RHONE;100072;69383
69;RHONE;59925;41307
69;RHONE;43228;32942
69;RHONE;48248;33612
70;HAUTE-SAONE;65558;50412
70;HAUTE-SAONE;67646;51861
71;SAONE-ET-LOIRE;69634;44481
71;SAONE-ET-LOIRE;70756;48797
71;SAONE-ET-LOIRE;61836;43625
71;SAONE-ET-LOIRE;62776;39484
71;SAONE-ET-LOIRE;69458;43311
72;SARTHE;53377;37763
72;SARTHE;63242;38311
72;SARTHE;53189;37820
72;SARTHE;58259;38647
72;SARTHE;44929;33919
73;SAVOIE;60410;41127
73;SAVOIE;46784;29181
73;SAVOIE;59744;40161
74;HAUTE-SAVOIE;88563;63468
74;HAUTE-SAVOIE;50877;34986
74;HAUTE-SAVOIE;73182;49708
75;PARIS;48402;31376
75;PARIS;49490;31304
75;PARIS;53434;32506
75;PARIS;41654;29590
75;PARIS;52084;38211
75;PARIS;35618;26266
75;PARIS;47052;32589
75;PARIS;61711;40219
75;PARIS;40690;25732
75;PARIS;54501;33874
75;PARIS;48568;32898
75;PARIS;42180;26690
75;PARIS;39535;22322
75;PARIS;49044;29557
75;PARIS;51439;34826
75;PARIS;41643;25897
75;PARIS;54194;35886
75;PARIS;39503;27100
75;PARIS;47607;30811
75;PARIS;62938;46732
75;PARIS;52374;39373
75;PARIS;38361;27952
75;PARIS;42986;29899
75;PARIS;40434;24784
75;PARIS;49386;31098
75;PARIS;41639;26357
75;PARIS;39633;22760
75;PARIS;39080;23360
75;PARIS;38316;22551
75;PARIS;41566;24895
75;PARIS;60344;36093
76;SEINE-MARITIME;63237;41384
76;SEINE-MARITIME;70987;42798
76;SEINE-MARITIME;68331;38662
76;SEINE-MARITIME;68898;45587
76;SEINE-MARITIME;65608;46282
76;SEINE-MARITIME;82393;52510
76;SEINE-MARITIME;61320;28913
76;SEINE-MARITIME;51058;39193
76;SEINE-MARITIME;57857;39036
76;SEINE-MARITIME;48140;36151
77;SEINE-ET-MARNE;83121;56151
77;SEINE-ET-MARNE;75156;46346
77;SEINE-ET-MARNE;64820;45644
77;SEINE-ET-MARNE;57024;39547
77;SEINE-ET-MARNE;61082;44119
78;YVELINES;57536;35249
78;YVELINES;66576;46412
78;YVELINES;78845;52763
78;YVELINES;47219;33260
78;YVELINES;49114;33066
78;YVELINES;44897;31033
78;YVELINES;55900;39201
78;YVELINES;55964;38168
79;DEUX-SEVRES;79120;56997
79;DEUX-SEVRES;65903;51101
79;DEUX-SEVRES;56674;45449
80;SOMME;75748;50172
80;SOMME;54110;41564
80;SOMME;57954;43199
80;SOMME;55100;43535
80;SOMME;60065;46488
81;TARN;74701;58002
81;TARN;70201;58172
81;TARN;66554;54608
82;TARN-ET-GARONNE;54574;44089
82;TARN-ET-GARONNE;58319;45638
83;VAR;73158;51251
83;VAR;83239;57827
83;VAR;75653;47095
83;VAR;96973;59444
84;VAUCLUSE;76563;56997
84;VAUCLUSE;64318;48432
84;VAUCLUSE;62972;47339
85;VENDEE;61460;49595
85;VENDEE;62418;47539
85;VENDEE;71971;53795
85;VENDEE;64471;55138
86;VIENNE;76259;55681
86;VIENNE;62972;45266
86;VIENNE;68846;51097
87;HAUTE-VIENNE;79591;52011
87;HAUTE-VIENNE;64981;42949
87;HAUTE-VIENNE;83832;55752
88;VOSGES;70349;51377
88;VOSGES;53049;36428
88;VOSGES;53701;38968
88;VOSGES;56403;43046
89;YONNE;54435;38630
89;YONNE;54103;40072
89;YONNE;66427;47836
90;TERRITOIRE DE BELFORT;37765;25732
90;TERRITOIRE DE BELFORT;27527;19731
91;ESSONNE;84936;52893
91;ESSONNE;89147;60467
91;ESSONNE;112499;75218
91;ESSONNE;62297;42380
92;HAUTS-DE-SEINE;28708;11890
92;HAUTS-DE-SEINE;46672;30621
92;HAUTS-DE-SEINE;63400;38916
92;HAUTS-DE-SEINE;63715;37773
92;HAUTS-DE-SEINE;50720;33687
92;HAUTS-DE-SEINE;61405;43535
92;HAUTS-DE-SEINE;59073;31570
92;HAUTS-DE-SEINE;54857;37402
92;HAUTS-DE-SEINE;57468;38385
92;HAUTS-DE-SEINE;61452;39926
92;HAUTS-DE-SEINE;66511;37830
92;HAUTS-DE-SEINE;94342;60186
92;HAUTS-DE-SEINE;89552;55263
93;SEINE-SAINT-DENIS;64644;30687
93;SEINE-SAINT-DENIS;43959;18592
93;SEINE-SAINT-DENIS;66414;26104
93;SEINE-SAINT-DENIS;62979;24912
93;SEINE-SAINT-DENIS;84767;49196
93;SEINE-SAINT-DENIS;62477;30824
93;SEINE-SAINT-DENIS;69062;34932
93;SEINE-SAINT-DENIS;77783;40968
93;SEINE-SAINT-DENIS;96845;59874
94;VAL-DE-MARNE;71861;33978
94;VAL-DE-MARNE;77682;43898
94;VAL-DE-MARNE;70488;26527
94;VAL-DE-MARNE;69398;42940
94;VAL-DE-MARNE;81845;53282
94;VAL-DE-MARNE;73478;44455
94;VAL-DE-MARNE;69225;46309
94;VAL-DE-MARNE;81458;49985
95;VAL-D'OISE;68001;45873
95;VAL-D'OISE;56444;36255
95;VAL-D'OISE;57995;23320
95;VAL-D'OISE;83852;57155
95;VAL-D'OISE;95271;56336