Code_departement;departement;Inscrits;Votants
01;AIN;73650;63050
01;AIN;75103;65483
01;AIN;63828;56039
02;AISNE;55547;50292
02;AISNE;71503;64737
02;AISNE;48100;43572
02;AISNE;55868;51456
02;AISNE;73848;65311
03;ALLIER;55457;49084
03;ALLIER;63840;57122
03;ALLIER;54234;48253
03;ALLIER;67634;59422
04;ALPES-DE-HAUTE-PROVENCE;34120;30297
04;ALPES-DE-HAUTE-PROVENCE;35957;32253
05;HAUTES-ALPES;34434;31066
05;HAUTES-ALPES;28075;24053
06;ALPES-MARITIMES;57334;51065
06;ALPES-MARITIMES;72138;63469
06;ALPES-MARITIMES;79072;69723
06;ALPES-MARITIMES;68974;60325
06;ALPES-MARITIMES;86170;76590
06;ALPES-MARITIMES;98692;85368
07;ARDECHE;58390;52331
07;ARDECHE;59692;53260
07;ARDECHE;51324;45555
08;ARDENNES;55317;49416
08;ARDENNES;59421;52645
08;ARDENNES;52792;47599
09;ARIEGE;46448;41732
09;ARIEGE;49865;43644
10;AUBE;45335;40304
10;AUBE;54319;48369
10;AUBE;61364;54057
11;AUDE;60017;53780
11;AUDE;66819;60121
11;AUDE;53483;48602
12;AVEYRON;64785;57796
12;AVEYRON;58671;52708
12;AVEYRON;65622;58828
13;BOUCHES-DU-RHONE;44387;34213
13;BOUCHES-DU-RHONE;87364;73006
13;BOUCHES-DU-RHONE;54560;43208
13;BOUCHES-DU-RHONE;68621;56661
13;BOUCHES-DU-RHONE;56029;46253
13;BOUCHES-DU-RHONE;71989;62439
13;BOUCHES-DU-RHONE;46976;38535
13;BOUCHES-DU-RHONE;88186;75297
13;BOUCHES-DU-RHONE;92514;81576
13;BOUCHES-DU-RHONE;125899;109873
13;BOUCHES-DU-RHONE;82181;72876
14;CALVADOS;106233;92488
14;CALVADOS;51912;46247
14;CALVADOS;60414;53644
14;CALVADOS;45812;40004
14;CALVADOS;50067;44727
15;CANTAL;59501;51635
15;CANTAL;52243;44899
16;CHARENTE;83333;72744
16;CHARENTE;60739;53136
16;CHARENTE;62060;58147
17;CHARENTE-MARITIME;76271;65542
17;CHARENTE-MARITIME;44184;37708
17;CHARENTE-MARITIME;46695;40142
17;CHARENTE-MARITIME;69826;59840
17;CHARENTE-MARITIME;70601;60422
18;CHER;68568;60400
18;CHER;65893;59153
18;CHER;56297;49418
19;CORREZE;55072;49124
19;CORREZE;65318;59378
19;CORREZE;44742;40419
20;CORSE;62835;48933
20;CORSE;54000;43405
20;CORSE;63406;47065
20;CORSE;78476;68232
21;COTE-D'OR;69015;59713
21;COTE-D'OR;51880;45228
21;COTE-D'OR;48864;43096
21;COTE-D'OR;88028;79488
22;COTES-D'ARMOR;64415;58325
22;COTES-D'ARMOR;57200;52020
22;COTES-D'ARMOR;60073;54632
22;COTES-D'ARMOR;71232;63715
22;COTES-D'ARMOR;51466;44504
23;CREUSE;56864;48070
23;CREUSE;68547;62284
24;DORDOGNE;63058;56328
24;DORDOGNE;64319;58189
24;DORDOGNE;64062;58088
24;DORDOGNE;90257;79027
25;DOUBS;93392;83203
25;DOUBS;57707;52213
25;DOUBS;76922;67580
26;DROME;65400;58062
26;DROME;69485;61223
26;DROME;72394;63963
27;EURE;50652;45229
27;EURE;57577;51554
27;EURE;58492;53174
27;EURE;66790;60045
28;EURE-ET-LOIR;65721;58559
28;EURE-ET-LOIR;60411;53622
28;EURE-ET-LOIR;68987;61578
29;FINISTERE;90311;76328
29;FINISTERE;65427;58767
29;FINISTERE;56385;51061
29;FINISTERE;58229;52403
29;FINISTERE;57994;51171
29;FINISTERE;52539;46209
29;FINISTERE;62372;54954
29;FINISTERE;81214;68850
30;GARD;101457;91133
30;GARD;68041;61246
30;GARD;49966;44718
30;GARD;57335;50294
31;HAUTE-GARONNE;67354;58312
31;HAUTE-GARONNE;75680;66077
31;HAUTE-GARONNE;88892;78770
31;HAUTE-GARONNE;77726;70312
31;HAUTE-GARONNE;57778;50323
31;HAUTE-GARONNE;61546;54662
32;GERS;56134;49380
32;GERS;73402;61628
33;GIRONDE;33835;27428
33;GIRONDE;48854;39971
33;GIRONDE;66861;57977
33;GIRONDE;64494;56096
33;GIRONDE;85987;73213
33;GIRONDE;71748;61849
33;GIRONDE;59984;52951
33;GIRONDE;56989;49168
33;GIRONDE;48065;41383
33;GIRONDE;87766;76963
34;HERAULT;84844;75418
34;HERAULT;67495;59668
34;HERAULT;68042;58943
34;HERAULT;53719;46149
34;HERAULT;83229;72019
35;ILLE-ET-VILAINE;100757;88389
35;ILLE-ET-VILAINE;46384;42241
35;ILLE-ET-VILAINE;49832;43528
35;ILLE-ET-VILAINE;50015;45328
35;ILLE-ET-VILAINE;80206;70134
35;ILLE-ET-VILAINE;57241;50261
36;INDRE;53903;47086
36;INDRE;52655;46435
36;INDRE;69703;58686
37;INDRE-ET-LOIRE;64781;56404
37;INDRE-ET-LOIRE;60852;54362
37;INDRE-ET-LOIRE;71656;62513
37;INDRE-ET-LOIRE;65363;56963
38;ISERE;91092;77869
38;ISERE;67866;59296
38;ISERE;59600;52330
38;ISERE;52830;46879
38;ISERE;50667;45389
38;ISERE;58704;51431
38;ISERE;73265;64893
39;JURA;74235;66319
39;JURA;61690;54290
40;LANDES;71902;64574
40;LANDES;55068;50004
40;LANDES;65650;58145
41;LOIR-ET-CHER;56826;50673
41;LOIR-ET-CHER;50711;45448
41;LOIR-ET-CHER;51791;42665
42;LOIRE;72114;59394
42;LOIRE;66688;57712
42;LOIRE;53230;45588
42;LOIRE;62319;53388
42;LOIRE;47646;41791
42;LOIRE;65112;57278
42;LOIRE;71118;62336
43;HAUTE-LOIRE;67084;59181
43;HAUTE-LOIRE;85198;72128
44;LOIRE-ATLANTIQUE;68294;57863
44;LOIRE-ATLANTIQUE;66612;57910
44;LOIRE-ATLANTIQUE;77130;68795
44;LOIRE-ATLANTIQUE;49749;43867
44;LOIRE-ATLANTIQUE;73585;63773
44;LOIRE-ATLANTIQUE;53224;46898
44;LOIRE-ATLANTIQUE;61300;54767
44;LOIRE-ATLANTIQUE;71625;63971
45;LOIRET;70594;63500
45;LOIRET;62104;55508
45;LOIRET;65316;58016
45;LOIRET;52251;47513
46;LOT;50426;45961
46;LOT;69665;61173
47;LOT-ET-GARONNE;56284;50526
47;LOT-ET-GARONNE;59740;53885
47;LOT-ET-GARONNE;28834;25038
48;LOZERE;23867;20752
48;LOZERE;53229;45444
49;MAINE-ET-LOIRE;62351;55075
49;MAINE-ET-LOIRE;48157;41416
49;MAINE-ET-LOIRE;52568;45812
49;MAINE-ET-LOIRE;75320;67901
49;MAINE-ET-LOIRE;63827;56014
49;MAINE-ET-LOIRE;55158;49139
50;MANCHE;65712;58429
50;MANCHE;56063;49095
50;MANCHE;45712;40020
50;MANCHE;54992;47528
50;MANCHE;73842;64938
51;MARNE;70177;60901
51;MARNE;72105;62740
51;MARNE;66144;58426
51;MARNE;68040;60175
52;HAUTE-MARNE;57093;50290
52;HAUTE-MARNE;63216;56375
53;MAYENNE;49400;44194
53;MAYENNE;47721;42700
53;MAYENNE;69135;59929
54;MEURTHE-ET-MOSELLE;73349;62940
54;MEURTHE-ET-MOSELLE;60866;51370
54;MEURTHE-ET-MOSELLE;49178;43553
54;MEURTHE-ET-MOSELLE;41407;36546
54;MEURTHE-ET-MOSELLE;47780;43535
54;MEURTHE-ET-MOSELLE;49745;44244
54;MEURTHE-ET-MOSELLE;69180;60762
55;MEUSE;54493;48323
55;MEUSE;70287;61531
56;MORBIHAN;55485;47464
56;MORBIHAN;54824;49391
56;MORBIHAN;43833;38486
56;MORBIHAN;70561;60301
56;MORBIHAN;52966;46703
56;MORBIHAN;91729;79871
57;MOSELLE;60009;52585
57;MOSELLE;70468;61698
57;MOSELLE;63382;56257
57;MOSELLE;75292;64753
57;MOSELLE;59464;51411
57;MOSELLE;48615;42731
57;MOSELLE;55833;49465
57;MOSELLE;58109;51218
58;NIEVRE;54561;48212
58;NIEVRE;45415;40727
58;NIEVRE;46487;40714
59;NORD;46640;38355
59;NORD;44953;38676
59;NORD;42590;37361
59;NORD;61607;55452
59;NORD;61530;57026
59;NORD;85662;77452
59;NORD;56798;50482
59;NORD;78114;70515
59;NORD;74234;68794
59;NORD;98966;85231
59;NORD;42888;39946
59;NORD;49169;45401
59;NORD;71998;65379
59;NORD;61294;55972
59;NORD;61954;56519
59;NORD;45361;42043
59;NORD;56339;49909
59;NORD;74134;65474
59;NORD;72822;65909
59;NORD;39466;35969
59;NORD;55019;48877
59;NORD;46341;42616
59;NORD;58831;53474
60;OISE;64011;56807
60;OISE;59338;53674
60;OISE;81560;72421
60;OISE;54290;49290
60;OISE;58927;51437
61;ORNE;51374;45755
61;ORNE;64891;57705
61;ORNE;69326;64128
62;PAS-DE-CALAIS;56011;52177
62;PAS-DE-CALAIS;53121;49196
62;PAS-DE-CALAIS;56095;51291
62;PAS-DE-CALAIS;54335;49272
62;PAS-DE-CALAIS;60115;54648
62;PAS-DE-CALAIS;65294;56690
62;PAS-DE-CALAIS;63624;59183
62;PAS-DE-CALAIS;57074;51407
62;PAS-DE-CALAIS;50857;45059
62;PAS-DE-CALAIS;54586;49631
62;PAS-DE-CALAIS;56119;49675
62;PAS-DE-CALAIS;46811;41705
62;PAS-DE-CALAIS;57087;50954
62;PAS-DE-CALAIS;85253;76181
63;PUY-DE-DOME;67903;60739
63;PUY-DE-DOME;52251;46075
63;PUY-DE-DOME;61307;54204
63;PUY-DE-DOME;65613;59051
63;PUY-DE-DOME;107334;93575
64;PYRENEES-ATLANTIQUES;77500;68663
64;PYRENEES-ATLANTIQUES;48746;42209
64;PYRENEES-ATLANTIQUES;95115;82818
64;PYRENEES-ATLANTIQUES;69851;60331
65;HAUTES-PYRENEES;75856;66591
65;HAUTES-PYRENEES;102671;87285
66;PYRENEES-ORIENTALES;80004;69738
66;PYRENEES-ORIENTALES;44282;36817
67;BAS-RHIN;67740;56759
67;BAS-RHIN;95743;80659
67;BAS-RHIN;63122;55804
67;BAS-RHIN;48518;42713
67;BAS-RHIN;52702;45246
67;BAS-RHIN;50282;43365
67;BAS-RHIN;64088;54702
67;BAS-RHIN;69160;60532
68;HAUT-RHIN;62054;54169
68;HAUT-RHIN;72530;64744
68;HAUT-RHIN;75728;60870
68;HAUT-RHIN;78633;67832
68;HAUT-RHIN;58929;50530
69;RHONE;52485;44845
69;RHONE;40744;33744
69;RHONE;56771;48277
69;RHONE;40990;34886
69;RHONE;56789;47743
69;RHONE;71328;63005
69;RHONE;61864;55813
69;RHONE;42387;37530
69;RHONE;50786;44473
69;RHONE;62330;54976
69;RHONE;61750;54786
69;RHONE;53758;46810
69;RHONE;67033;60169
70;HAUTE-SAONE;69328;63688
70;HAUTE-SAONE;71223;60636
71;SAONE-ET-LOIRE;71949;62307
71;SAONE-ET-LOIRE;61843;54390
71;SAONE-ET-LOIRE;64801;55806
71;SAONE-ET-LOIRE;70681;60527
71;SAONE-ET-LOIRE;55485;48886
72;SARTHE;67983;60309
72;SARTHE;54943;48608
72;SARTHE;61300;54095
72;SARTHE;46316;41116
72;SARTHE;64932;57138
73;SAVOIE;49164;42374
73;SAVOIE;61038;53560
73;SAVOIE;98344;85971
74;HAUTE-SAVOIE;54048;46732
74;HAUTE-SAVOIE;79875;68807
74;HAUTE-SAVOIE;39505;32447
75;PARIS;39405;32013
75;PARIS;43196;36186
75;PARIS;36986;30371
75;PARIS;43639;37395
75;PARIS;29416;25745
75;PARIS;39234;33273
75;PARIS;52200;43687
75;PARIS;33882;29081
75;PARIS;47566;40706
75;PARIS;44602;39091
75;PARIS;36157;31320
75;PARIS;35820;31243
75;PARIS;44808;39549
75;PARIS;46534;39642
75;PARIS;36719;30904
75;PARIS;51395;44312
75;PARIS;34425;29669
75;PARIS;43417;37192
75;PARIS;57090;50294
75;PARIS;45829;40254
75;PARIS;33591;28906
75;PARIS;37486;32067
75;PARIS;34670;28937
75;PARIS;43294;36636
75;PARIS;35887;30045
75;PARIS;34187;28674
75;PARIS;33275;28263
75;PARIS;36466;31503
75;PARIS;38349;32473
75;PARIS;53417;45076
75;PARIS;63381;55356
76;SEINE-MARITIME;77378;68749
76;SEINE-MARITIME;65419;56502
76;SEINE-MARITIME;74525;65401
76;SEINE-MARITIME;69059;61010
76;SEINE-MARITIME;84191;73000
76;SEINE-MARITIME;65961;56918
76;SEINE-MARITIME;52200;47294
76;SEINE-MARITIME;60282;54042
76;SEINE-MARITIME;49013;44076
76;SEINE-MARITIME;106654;93079
77;SEINE-ET-MARNE;84155;73655
77;SEINE-ET-MARNE;72780;63551
77;SEINE-ET-MARNE;61364;53867
77;SEINE-ET-MARNE;65325;57469
77;SEINE-ET-MARNE;59789;51969
78;YVELINES;73463;63651
78;YVELINES;89431;78998
78;YVELINES;61096;54434
78;YVELINES;54444;48539
78;YVELINES;49202;43696
78;YVELINES;66306;59177
78;YVELINES;76868;69139
78;YVELINES;82986;72409
79;DEUX-SEVRES;66169;58620
79;DEUX-SEVRES;57897;52238
79;DEUX-SEVRES;81712;73322
80;SOMME;57438;52778
80;SOMME;60814;57028
80;SOMME;56430;52040
80;SOMME;61484;56545
80;SOMME;76852;69573
81;TARN;72053;65767
81;TARN;67410;61040
81;TARN;56343;51132
82;TARN-ET-GARONNE;60762;53930
82;TARN-ET-GARONNE;80040;71587
83;VAR;93623;81886
83;VAR;80320;67688
83;VAR;108308;92580
83;VAR;81929;73690
84;VAUCLUSE;69361;61899
84;VAUCLUSE;65941;59707
84;VAUCLUSE;65660;59821
85;VENDEE;63993;57631
85;VENDEE;77416;67542
85;VENDEE;69505;63911
85;VENDEE;82489;72949
86;VIENNE;64462;56651
86;VIENNE;68909;61084
86;VIENNE;76272;68169
87;HAUTE-VIENNE;65042;58402
87;HAUTE-VIENNE;90836;80596
87;HAUTE-VIENNE;72759;64089
88;VOSGES;53561;46877
88;VOSGES;55297;48916
88;VOSGES;57127;50879
88;VOSGES;57538;50837
89;YONNE;55288;48983
89;YONNE;71296;62942
89;YONNE;37827;33832
90;TERRITOIRE DE BELFORT;29079;26118
90;TERRITOIRE DE BELFORT;100288;88941
91;ESSONNE;110118;98638
91;ESSONNE;145366;129145
91;ESSONNE;77873;70830
91;ESSONNE;30041;25700
92;HAUTS-DE-SEINE;43452;37813
92;HAUTS-DE-SEINE;58577;52292
92;HAUTS-DE-SEINE;55795;48504
92;HAUTS-DE-SEINE;46440;40743
92;HAUTS-DE-SEINE;56446;50102
92;HAUTS-DE-SEINE;58802;50259
92;HAUTS-DE-SEINE;58262;51459
92;HAUTS-DE-SEINE;62664;54611
92;HAUTS-DE-SEINE;58506;49893
92;HAUTS-DE-SEINE;61590;55335
92;HAUTS-DE-SEINE;97157;84800
92;HAUTS-DE-SEINE;88423;77112
92;HAUTS-DE-SEINE;61801;53935
93;SEINE-SAINT-DENIS;41430;35402
93;SEINE-SAINT-DENIS;61570;53745
93;SEINE-SAINT-DENIS;62960;53535
93;SEINE-SAINT-DENIS;86463;74317
93;SEINE-SAINT-DENIS;58548;49889
93;SEINE-SAINT-DENIS;67325;57840
93;SEINE-SAINT-DENIS;88363;76713
93;SEINE-SAINT-DENIS;103036;90637
93;SEINE-SAINT-DENIS;72547;63562
94;VAL-DE-MARNE;81678;71117
94;VAL-DE-MARNE;68227;61929
94;VAL-DE-MARNE;68087;60003
94;VAL-DE-MARNE;84048;74071
94;VAL-DE-MARNE;76892;68629
94;VAL-DE-MARNE;68322;59291
94;VAL-DE-MARNE;91656;81596
94;VAL-DE-MARNE;79685;70856
95;VAL-D'OISE;62611;55910
95;VAL-D'OISE;61346;52586
95;VAL-D'OISE;91263;80873
95;VAL-D'OISE;113366;100156