Code_departement;departement;Inscrits;Votants
1;AIN;80484;65134
1;AIN;82970;66761
1;AIN;76758;61342
1;AIN;97984;80566
2;AISNE;69968;56392
2;AISNE;72860;60076
2;AISNE;72590;57789
2;AISNE;76085;59609
2;AISNE;75389;61231
3;ALLIER;57771;46473
3;ALLIER;65554;51870
3;ALLIER;70074;57869
3;ALLIER;62686;50879
4;ALPES-DE-HAUTE-PROVENCE;53616;44257
4;ALPES-DE-HAUTE-PROVENCE;55285;45831
5;HAUTES-ALPES;52731;43901
5;HAUTES-ALPES;42344;34641
6;ALPES-MARITIMES;60985;42456
6;ALPES-MARITIMES;66541;46085
6;ALPES-MARITIMES;71908;50752
6;ALPES-MARITIMES;69836;53543
6;ALPES-MARITIMES;82945;63522
6;ALPES-MARITIMES;94466;76104
6;ALPES-MARITIMES;88792;69833
6;ALPES-MARITIMES;60547;48001
6;ALPES-MARITIMES;94111;74699
7;ARDECHE;68851;56986
7;ARDECHE;82913;68764
7;ARDECHE;68039;56639
8;ARDENNES;70286;55553
8;ARDENNES;64062;49126
8;ARDENNES;58061;46261
9;ARIEGE;53927;44189
9;ARIEGE;55059;45970
10;AUBE;55478;44864
10;AUBE;68671;55432
10;AUBE;69612;55311
11;AUDE;65679;54860
11;AUDE;99543;80381
11;AUDE;71591;59445
12;AVEYRON;72574;61816
12;AVEYRON;71934;60095
12;AVEYRON;70285;60098
13;BOUCHES-DU-RHONE;54987;43712
13;BOUCHES-DU-RHONE;58104;47217
13;BOUCHES-DU-RHONE;42878;33233
13;BOUCHES-DU-RHONE;42755;31720
13;BOUCHES-DU-RHONE;47671;37496
13;BOUCHES-DU-RHONE;63258;50722
13;BOUCHES-DU-RHONE;46567;35417
13;BOUCHES-DU-RHONE;64168;51408
13;BOUCHES-DU-RHONE;83154;67728
13;BOUCHES-DU-RHONE;111660;91276
13;BOUCHES-DU-RHONE;88009;72682
13;BOUCHES-DU-RHONE;99619;81720
13;BOUCHES-DU-RHONE;83008;67124
13;BOUCHES-DU-RHONE;90352;75090
13;BOUCHES-DU-RHONE;89691;74882
13;BOUCHES-DU-RHONE;79139;64675
14;CALVADOS;69107;55008
14;CALVADOS;64506;51098
14;CALVADOS;71450;57501
14;CALVADOS;75438;61534
14;CALVADOS;94135;76549
14;CALVADOS;83443;69385
15;CANTAL;63995;53628
15;CANTAL;59820;48991
16;CHARENTE;62466;50066
16;CHARENTE;60708;49046
16;CHARENTE;69322;57441
16;CHARENTE;62601;50649
17;CHARENTE-MARITIME;87210;71193
17;CHARENTE-MARITIME;83062;67043
17;CHARENTE-MARITIME;76327;62369
17;CHARENTE-MARITIME;81754;66079
17;CHARENTE-MARITIME;89455;72766
18;CHER;73998;59709
18;CHER;68621;53898
18;CHER;85421;69114
19;CORREZE;65455;57009
19;CORREZE;66172;55861
19;CORREZE;52535;45582
2A;CORSE-DU-SUD;41170;28782
2A;CORSE-DU-SUD;45260;30954
2B;HAUTE-CORSE;47636;33302
2B;HAUTE-CORSE;57206;36599
21;COTE-D'OR;63080;52611
21;COTE-D'OR;58357;47888
21;COTE-D'OR;63112;51031
21;COTE-D'OR;68364;55741
21;COTE-D'OR;77384;63134
22;COTES-D'ARMOR;83546;69396
22;COTES-D'ARMOR;85822;72838
22;COTES-D'ARMOR;83147;71089
22;COTES-D'ARMOR;78977;66679
22;COTES-D'ARMOR;97229;80720
23;CREUSE;51297;41237
23;CREUSE;50505;41215
24;DORDOGNE;72731;60705
24;DORDOGNE;77234;64610
24;DORDOGNE;71024;60972
24;DORDOGNE;82859;71109
25;DOUBS;65256;54049
25;DOUBS;69608;58029
25;DOUBS;64159;53052
25;DOUBS;65381;52582
25;DOUBS;70225;59671
26;DROME;68021;54443
26;DROME;74041;60601
26;DROME;90100;75794
26;DROME;77373;63163
27;EURE;78253;62521
27;EURE;70179;57183
27;EURE;73176;60247
27;EURE;77095;61598
27;EURE;79538;63844
28;EURE-ET-LOIR;78661;64327
28;EURE-ET-LOIR;64580;51088
28;EURE-ET-LOIR;69202;55171
28;EURE-ET-LOIR;65530;53683
29;FINISTERE;79022;67147
29;FINISTERE;67775;54027
29;FINISTERE;86389;71011
29;FINISTERE;78416;65133
29;FINISTERE;84260;70730
29;FINISTERE;85492;71435
29;FINISTERE;76484;62437
29;FINISTERE;77594;63259
30;GARD;76806;59884
30;GARD;101988;83377
30;GARD;102903;85516
30;GARD;79600;65178
30;GARD;84203;69805
31;HAUTE-GARONNE;63324;49183
31;HAUTE-GARONNE;99385;82288
31;HAUTE-GARONNE;78586;65877
31;HAUTE-GARONNE;49857;38790
31;HAUTE-GARONNE;119648;100181
31;HAUTE-GARONNE;112517;93468
31;HAUTE-GARONNE;107834;91697
31;HAUTE-GARONNE;79384;64559
32;GERS;70053;59389
32;GERS;65292;55464
33;GIRONDE;72345;58470
33;GIRONDE;51615;40663
33;GIRONDE;64564;52608
33;GIRONDE;76772;61289
33;GIRONDE;86013;70643
33;GIRONDE;79689;67060
33;GIRONDE;90223;74519
33;GIRONDE;105299;86749
33;GIRONDE;90916;76386
33;GIRONDE;74116;60694
33;GIRONDE;76000;62223
34;HERAULT;67066;54020
34;HERAULT;57214;46041
34;HERAULT;114124;94900
34;HERAULT;118572;99318
34;HERAULT;88148;71933
34;HERAULT;79995;62888
34;HERAULT;107127;85856
35;ILLE-ET-VILAINE;71507;56823
35;ILLE-ET-VILAINE;89609;74857
35;ILLE-ET-VILAINE;83110;69311
35;ILLE-ET-VILAINE;98622;82491
35;ILLE-ET-VILAINE;108582;91496
35;ILLE-ET-VILAINE;73938;62006
35;ILLE-ET-VILAINE;92887;75969
36;INDRE;55249;44812
36;INDRE;64229;52985
36;INDRE;57178;47450
37;INDRE-ET-LOIRE;53448;40589
37;INDRE-ET-LOIRE;84878;70013
37;INDRE-ET-LOIRE;87549;72416
37;INDRE-ET-LOIRE;81896;66444
37;INDRE-ET-LOIRE;73372;60346
38;ISERE;74162;61183
38;ISERE;65579;53938
38;ISERE;53997;43570
38;ISERE;77567;63587
38;ISERE;82829;68771
38;ISERE;92298;73491
38;ISERE;88239;71378
38;ISERE;93721;75190
38;ISERE;80084;66481
39;JURA;62552;51494
39;JURA;53563;43456
39;JURA;65198;54493
40;LANDES;84074;69666
40;LANDES;95564;78763
40;LANDES;79176;67148
41;LOIR-ET-CHER;86602;70079
41;LOIR-ET-CHER;76762;62903
41;LOIR-ET-CHER;69292;57092
42;LOIRE;66156;51239
42;LOIRE;50189;37983
42;LOIRE;74821;60290
42;LOIRE;66877;52827
42;LOIRE;68239;54273
42;LOIRE;65384;53491
42;LOIRE;92328;75393
43;HAUTE-LOIRE;87532;73009
43;HAUTE-LOIRE;78774;64508
44;LOIRE-ATLANTIQUE;68645;54077
44;LOIRE-ATLANTIQUE;75928;58494
44;LOIRE-ATLANTIQUE;80799;63317
44;LOIRE-ATLANTIQUE;73830;59532
44;LOIRE-ATLANTIQUE;103861;86998
44;LOIRE-ATLANTIQUE;70855;59275
44;LOIRE-ATLANTIQUE;94356;77767
44;LOIRE-ATLANTIQUE;71975;57540
44;LOIRE-ATLANTIQUE;85933;71855
44;LOIRE-ATLANTIQUE;88398;75083
45;LOIRET;77320;64009
45;LOIRET;77107;62192
45;LOIRET;82971;68247
45;LOIRET;88391;70569
45;LOIRET;83436;68744
46;LOT;65545;55841
46;LOT;62616;53786
47;LOT-ET-GARONNE;80044;67105
47;LOT-ET-GARONNE;75476;62669
47;LOT-ET-GARONNE;73462;61260
48;LOZERE;31335;26072
48;LOZERE;27479;23421
49;MAINE-ET-LOIRE;74959;61308
49;MAINE-ET-LOIRE;79783;66238
49;MAINE-ET-LOIRE;64125;52014
49;MAINE-ET-LOIRE;68481;56265
49;MAINE-ET-LOIRE;70309;58085
49;MAINE-ET-LOIRE;84255;70970
49;MAINE-ET-LOIRE;68016;57027
50;MANCHE;72142;59133
50;MANCHE;75057;62682
50;MANCHE;73369;59106
50;MANCHE;69373;56718
50;MANCHE;68939;54395
51;MARNE;56111;42053
51;MARNE;64665;50629
51;MARNE;62652;48083
51;MARNE;59207;45759
51;MARNE;62135;50259
51;MARNE;67253;52156
52;HAUTE-MARNE;76914;61546
52;HAUTE-MARNE;66694;51974
53;MAYENNE;78845;64827
53;MAYENNE;64960;53510
53;MAYENNE;70247;58415
54;MEURTHE-ET-MOSELLE;48301;37813
54;MEURTHE-ET-MOSELLE;74593;60014
54;MEURTHE-ET-MOSELLE;56374;44484
54;MEURTHE-ET-MOSELLE;74695;59385
54;MEURTHE-ET-MOSELLE;70827;58162
54;MEURTHE-ET-MOSELLE;75008;58991
54;MEURTHE-ET-MOSELLE;69626;52845
55;MEUSE;78462;63704
55;MEUSE;60425;48039
56;MORBIHAN;93059;78271
56;MORBIHAN;83422;68799
56;MORBIHAN;77258;65042
56;MORBIHAN;82258;69194
56;MORBIHAN;79748;61889
56;MORBIHAN;83310;69233
57;MOSELLE;70418;54266
57;MOSELLE;71436;56155
57;MOSELLE;69173;53594
57;MOSELLE;67794;54664
57;MOSELLE;73615;57689
57;MOSELLE;72052;53758
57;MOSELLE;76631;60067
57;MOSELLE;71950;56813
57;MOSELLE;70460;54257
57;MOSELLE;68672;51660
58;NIEVRE;55231;42977
58;NIEVRE;59754;47614
58;NIEVRE;55348;43987
59;NORD;58052;40658
59;NORD;70644;54256
59;NORD;59669;44545
59;NORD;69453;54309
59;NORD;83280;65944
59;NORD;76775;63973
59;NORD;68052;51007
59;NORD;67670;49210
59;NORD;64937;50453
59;NORD;73716;55673
59;NORD;84058;65644
59;NORD;69510;54146
59;NORD;64670;50995
59;NORD;71287;59123
59;NORD;71122;57596
59;NORD;79682;62640
59;NORD;72988;56719
59;NORD;77505;61916
59;NORD;77833;59643
59;NORD;80037;60718
59;NORD;74876;57769
59;NORD;74078;59607
59;NORD;66879;50544
59;NORD;64371;49990
60;OISE;74702;60767
60;OISE;79588;65104
60;OISE;64332;51114
60;OISE;83314;66509
60;OISE;65762;52590
60;OISE;69342;55564
60;OISE;69752;55210
61;ORNE;71273;58905
61;ORNE;69396;56578
61;ORNE;73518;60407
62;PAS-DE-CALAIS;77653;65247
62;PAS-DE-CALAIS;73580;61327
62;PAS-DE-CALAIS;72910;62905
62;PAS-DE-CALAIS;76636;61864
62;PAS-DE-CALAIS;62861;48471
62;PAS-DE-CALAIS;70391;54487
62;PAS-DE-CALAIS;80990;62517
62;PAS-DE-CALAIS;67094;54498
62;PAS-DE-CALAIS;79491;63496
62;PAS-DE-CALAIS;71935;54269
62;PAS-DE-CALAIS;91661;71830
62;PAS-DE-CALAIS;77479;57526
62;PAS-DE-CALAIS;71447;53009
62;PAS-DE-CALAIS;73907;55569
63;PUY-DE-DOME;58433;46925
63;PUY-DE-DOME;72445;60113
63;PUY-DE-DOME;71440;59264
63;PUY-DE-DOME;73510;61343
63;PUY-DE-DOME;64850;52541
63;PUY-DE-DOME;84683;70829
64;PYRENEES-ATLANTIQUES;64739;53364
64;PYRENEES-ATLANTIQUES;69180;58757
64;PYRENEES-ATLANTIQUES;76443;64553
64;PYRENEES-ATLANTIQUES;78754;65631
64;PYRENEES-ATLANTIQUES;76398;61388
64;PYRENEES-ATLANTIQUES;84875;68100
65;HAUTES-PYRENEES;59077;48515
65;HAUTES-PYRENEES;59918;50059
65;HAUTES-PYRENEES;50128;41363
66;PYRENEES-ORIENTALES;58656;46739
66;PYRENEES-ORIENTALES;85388;69411
66;PYRENEES-ORIENTALES;61540;48655
66;PYRENEES-ORIENTALES;80358;65730
67;BAS-RHIN;48354;38459
67;BAS-RHIN;47884;37132
67;BAS-RHIN;60985;47293
67;BAS-RHIN;106261;85540
67;BAS-RHIN;92679;74112
67;BAS-RHIN;75154;61162
67;BAS-RHIN;78461;63379
67;BAS-RHIN;67818;53972
67;BAS-RHIN;97418;78287
68;HAUT-RHIN;67870;53467
68;HAUT-RHIN;71382;58582
68;HAUT-RHIN;78216;64430
68;HAUT-RHIN;68563;54604
68;HAUT-RHIN;51184;39531
68;HAUT-RHIN;70370;54860
68;HAUT-RHIN;70891;57197
69;RHONE;54273;43873
69;RHONE;62233;50834
69;RHONE;56759;45972
69;RHONE;63237;51947
69;RHONE;78547;64693
69;RHONE;63610;49420
69;RHONE;53170;41740
69;RHONE;76284;62729
69;RHONE;72408;58553
69;RHONE;81387;68199
69;RHONE;73000;59920
69;RHONE;68457;55735
69;RHONE;82837;66423
69;RHONE;46413;35136
70;HAUTE-SAONE;61876;51233
70;HAUTE-SAONE;61123;49809
70;HAUTE-SAONE;51460;41754
71;SAONE-ET-LOIRE;62991;50656
71;SAONE-ET-LOIRE;64433;51706
71;SAONE-ET-LOIRE;67421;53441
71;SAONE-ET-LOIRE;61186;47394
71;SAONE-ET-LOIRE;62044;48536
71;SAONE-ET-LOIRE;80322;64981
72;SARTHE;67928;55327
72;SARTHE;79212;62290
72;SARTHE;80758;65393
72;SARTHE;73636;59490
72;SARTHE;83811;67968
73;SAVOIE;97512;79379
73;SAVOIE;78840;62304
73;SAVOIE;88610;71406
74;HAUTE-SAVOIE;91746;75343
74;HAUTE-SAVOIE;77065;62427
74;HAUTE-SAVOIE;77535;60833
74;HAUTE-SAVOIE;80253;63604
74;HAUTE-SAVOIE;94567;75195
75;PARIS;54137;45272
75;PARIS;49659;42609
75;PARIS;40305;34002
75;PARIS;50188;41738
75;PARIS;40448;33075
75;PARIS;54804;45385
75;PARIS;55239;46058
75;PARIS;63575;53085
75;PARIS;53190;43830
75;PARIS;57645;48654
75;PARIS;53280;44492
75;PARIS;60342;50403
75;PARIS;63166;52615
75;PARIS;45013;37744
75;PARIS;37468;30927
75;PARIS;48847;40776
75;PARIS;47924;38669
75;PARIS;48358;39686
75;PARIS;39821;31717
75;PARIS;54505;44269
75;PARIS;63399;51805
76;SEINE-MARITIME;55000;44206
76;SEINE-MARITIME;82813;67988
76;SEINE-MARITIME;54167;42566
76;SEINE-MARITIME;69637;54827
76;SEINE-MARITIME;85175;68973
76;SEINE-MARITIME;75595;59522
76;SEINE-MARITIME;57925;45388
76;SEINE-MARITIME;52461;38634
76;SEINE-MARITIME;80831;66753
76;SEINE-MARITIME;80600;66991
76;SEINE-MARITIME;73037;59060
76;SEINE-MARITIME;70251;58090
77;SEINE-ET-MARNE;80857;64217
77;SEINE-ET-MARNE;71715;58501
77;SEINE-ET-MARNE;70739;56888
77;SEINE-ET-MARNE;76380;61778
77;SEINE-ET-MARNE;81029;64708
77;SEINE-ET-MARNE;74128;59334
77;SEINE-ET-MARNE;81097;63220
77;SEINE-ET-MARNE;92015;74488
77;SEINE-ET-MARNE;93851;75899
78;YVELINES;82458;69177
78;YVELINES;73108;60450
78;YVELINES;64570;53636
78;YVELINES;69017;56632
78;YVELINES;63398;51763
78;YVELINES;55438;44940
78;YVELINES;68356;55672
78;YVELINES;59152;47650
78;YVELINES;78140;64231
78;YVELINES;94559;78118
78;YVELINES;51980;41113
78;YVELINES;65140;53085
79;DEUX-SEVRES;59890;50047
79;DEUX-SEVRES;70192;58876
79;DEUX-SEVRES;61338;51544
79;DEUX-SEVRES;69496;57792
80;SOMME;57406;44877
80;SOMME;61758;49522
80;SOMME;67740;56340
80;SOMME;71914;58661
80;SOMME;65003;52825
80;SOMME;76037;63073
81;TARN;55984;47330
81;TARN;73846;62383
81;TARN;58112;48926
81;TARN;73465;62807
82;TARN-ET-GARONNE;75852;64306
82;TARN-ET-GARONNE;77828;65301
83;VAR;49553;37488
83;VAR;53129;40837
83;VAR;102950;82414
83;VAR;105847;85630
83;VAR;94705;75592
83;VAR;138374;112862
83;VAR;100752;77858
84;VAUCLUSE;67977;54126
84;VAUCLUSE;109917;90728
84;VAUCLUSE;88862;73003
84;VAUCLUSE;76058;63489
85;VENDEE;86654;72184
85;VENDEE;83073;69780
85;VENDEE;96412;77649
85;VENDEE;85268;73538
85;VENDEE;76447;63381
86;VIENNE;76166;63660
86;VIENNE;68857;57766
86;VIENNE;67770;56704
86;VIENNE;74164;59971
87;HAUTE-VIENNE;52015;43171
87;HAUTE-VIENNE;72571;61826
87;HAUTE-VIENNE;66354;55272
87;HAUTE-VIENNE;69979;58615
88;VOSGES;75212;60089
88;VOSGES;73240;58039
88;VOSGES;65974;54412
88;VOSGES;68736;56139
89;YONNE;75738;61743
89;YONNE;72403;58161
89;YONNE;87417;70342
90;TERRITOIRE DE BELFORT;43770;35726
90;TERRITOIRE DE BELFORT;45862;37401
91;ESSONNE;59920;47179
91;ESSONNE;75536;61839
91;ESSONNE;86375;71139
91;ESSONNE;76314;62871
91;ESSONNE;60568;50758
91;ESSONNE;67311;54674
91;ESSONNE;65211;52481
91;ESSONNE;67957;54054
91;ESSONNE;68283;54773
91;ESSONNE;54323;42535
92;HAUTS-DE-SEINE;52897;39400
92;HAUTS-DE-SEINE;52031;42516
92;HAUTS-DE-SEINE;69052;56234
92;HAUTS-DE-SEINE;59691;46766
92;HAUTS-DE-SEINE;58114;47131
92;HAUTS-DE-SEINE;58032;48462
92;HAUTS-DE-SEINE;77815;61957
92;HAUTS-DE-SEINE;62364;51127
92;HAUTS-DE-SEINE;52692;43153
92;HAUTS-DE-SEINE;56298;46641
92;HAUTS-DE-SEINE;59143;46178
92;HAUTS-DE-SEINE;77857;62493
92;HAUTS-DE-SEINE;77996;65938
93;SEINE-SAINT-DENIS;42494;31409
93;SEINE-SAINT-DENIS;44274;32443
93;SEINE-SAINT-DENIS;40075;29896
93;SEINE-SAINT-DENIS;41418;30180
93;SEINE-SAINT-DENIS;47604;35339
93;SEINE-SAINT-DENIS;52658;41012
93;SEINE-SAINT-DENIS;43876;32708
93;SEINE-SAINT-DENIS;55648;43876
93;SEINE-SAINT-DENIS;48366;37522
93;SEINE-SAINT-DENIS;47129;36400
93;SEINE-SAINT-DENIS;51305;39863
93;SEINE-SAINT-DENIS;55820;44118
93;SEINE-SAINT-DENIS;60190;48303
94;VAL-DE-MARNE;50183;41707
94;VAL-DE-MARNE;57860;45864
94;VAL-DE-MARNE;62476;49841
94;VAL-DE-MARNE;63871;52157
94;VAL-DE-MARNE;56651;44393
94;VAL-DE-MARNE;68809;55311
94;VAL-DE-MARNE;52680;42917
94;VAL-DE-MARNE;54376;44361
94;VAL-DE-MARNE;46316;35558
94;VAL-DE-MARNE;53793;41815
94;VAL-DE-MARNE;51187;39665
94;VAL-DE-MARNE;58870;46567
95;VAL-D'OISE;69682;57405
95;VAL-D'OISE;98209;80458
95;VAL-D'OISE;75574;60411
95;VAL-D'OISE;68572;53900
95;VAL-D'OISE;55459;42571
95;VAL-D'OISE;63276;50566
95;VAL-D'OISE;72742;59141
95;VAL-D'OISE;42902;32906
95;VAL-D'OISE;57785;45921
971;GUADELOUPE;61403;22086
971;GUADELOUPE;80215;28914
971;GUADELOUPE;73314;29382
971;GUADELOUPE;66610;29055
972;MARTINIQUE;57277;27432
972;MARTINIQUE;58878;27271
972;MARTINIQUE;55671;25349
972;MARTINIQUE;94703;40321
973;GUYANE;19558;8282
973;GUYANE;32232;15057
974;LA REUNION;71249;49896
974;LA REUNION;91719;66884
974;LA REUNION;106603;81562
974;LA REUNION;80170;57511
974;LA REUNION;86965;60678
975;SAINT-PIERRE-ET-MIQUELON;4813;3324
985;MAYOTTE;52189;21386
986;WALLIS ET FUTUNA;9348;6350
987;POLYNESIE FRANCAISE;149782;83095
988;NOUVELLE-CALEDONIE;126969;64204