Code_departement;departement;Inscrits;Votants
1;AIN;76650;61911
1;AIN;76313;60364
1;AIN;73324;58457
1;AIN;87849;70830
2;AISNE;70516;58421
2;AISNE;74952;61905
2;AISNE;74970;62349
2;AISNE;77212;62197
2;AISNE;74286;60241
3;ALLIER;59088;48147
3;ALLIER;68580;54600
3;ALLIER;71578;59976
3;ALLIER;64718;52578
4;ALPES-DE-HAUTE-PROVENCE;51133;42021
4;ALPES-DE-HAUTE-PROVENCE;52720;43464
5;HAUTES-ALPES;49535;40916
5;HAUTES-ALPES;39145;31509
6;ALPES-MARITIMES;63021;44911
6;ALPES-MARITIMES;69589;49958
6;ALPES-MARITIMES;73458;53215
6;ALPES-MARITIMES;70473;55122
6;ALPES-MARITIMES;81319;63235
6;ALPES-MARITIMES;87702;69802
6;ALPES-MARITIMES;85550;66905
6;ALPES-MARITIMES;60675;48480
6;ALPES-MARITIMES;89034;70998
7;ARDECHE;66304;55093
7;ARDECHE;79793;65377
7;ARDECHE;65101;54677
8;ARDENNES;70464;57088
8;ARDENNES;64501;50281
8;ARDENNES;59282;48439
9;ARIEGE;53446;44406
9;ARIEGE;54723;46271
10;AUBE;54572;44804
10;AUBE;67702;55522
10;AUBE;70479;56630
11;AUDE;65041;55174
11;AUDE;90297;75075
11;AUDE;70493;60552
12;AVEYRON;70109;59671
12;AVEYRON;72711;61632
12;AVEYRON;69878;59904
13;BOUCHES-DU-RHONE;57760;43139
13;BOUCHES-DU-RHONE;59349;46310
13;BOUCHES-DU-RHONE;46391;33613
13;BOUCHES-DU-RHONE;46557;32045
13;BOUCHES-DU-RHONE;50020;36877
13;BOUCHES-DU-RHONE;63122;47857
13;BOUCHES-DU-RHONE;50347;35404
13;BOUCHES-DU-RHONE;62616;46771
13;BOUCHES-DU-RHONE;78956;62317
13;BOUCHES-DU-RHONE;101773;80532
13;BOUCHES-DU-RHONE;80883;65703
13;BOUCHES-DU-RHONE;91090;72568
13;BOUCHES-DU-RHONE;77348;61665
13;BOUCHES-DU-RHONE;84801;68741
13;BOUCHES-DU-RHONE;80527;65908
13;BOUCHES-DU-RHONE;77327;61440
14;CALVADOS;67043;52988
14;CALVADOS;63452;49997
14;CALVADOS;69825;57438
14;CALVADOS;70614;57563
14;CALVADOS;87189;70589
14;CALVADOS;79040;65923
15;CANTAL;64085;54196
15;CANTAL;61556;51791
16;CHARENTE;61703;49076
16;CHARENTE;61304;49138
16;CHARENTE;70095;58515
16;CHARENTE;61390;49173
17;CHARENTE-MARITIME;81218;65421
17;CHARENTE-MARITIME;76497;60983
17;CHARENTE-MARITIME;76830;62046
17;CHARENTE-MARITIME;80053;64809
17;CHARENTE-MARITIME;82392;66206
18;CHER;74818;59616
18;CHER;68471;53810
18;CHER;85578;69124
19;CORREZE;65938;58292
19;CORREZE;64117;55176
19;CORREZE;54989;48573
2A;CORSE-DU-SUD;38197;28600
2A;CORSE-DU-SUD;42785;32093
2B;HAUTE-CORSE;44151;33650
2B;HAUTE-CORSE;54722;40614
21;COTE-D'OR;63372;51358
21;COTE-D'OR;57887;46465
21;COTE-D'OR;61779;49234
21;COTE-D'OR;68510;56360
21;COTE-D'OR;75364;61614
22;COTES-D'ARMOR;82379;67928
22;COTES-D'ARMOR;82886;71656
22;COTES-D'ARMOR;82089;71463
22;COTES-D'ARMOR;79543;68779
22;COTES-D'ARMOR;93563;77964
23;CREUSE;53079;43111
23;CREUSE;52696;43932
24;DORDOGNE;72912;61452
24;DORDOGNE;76268;64521
24;DORDOGNE;72618;63155
24;DORDOGNE;81118;70453
25;DOUBS;61729;51368
25;DOUBS;67634;56472
25;DOUBS;63888;53083
25;DOUBS;65561;52515
25;DOUBS;66968;57289
26;DROME;66116;53094
26;DROME;68867;56318
26;DROME;83178;68875
26;DROME;74002;59414
27;EURE;74747;60107
27;EURE;66648;54143
27;EURE;70236;57758
27;EURE;71873;57795
27;EURE;75650;61138
28;EURE-ET-LOIR;75174;60868
28;EURE-ET-LOIR;64702;50495
28;EURE-ET-LOIR;68610;55109
28;EURE-ET-LOIR;64664;53181
29;FINISTERE;74603;62985
29;FINISTERE;71053;56412
29;FINISTERE;84177;69109
29;FINISTERE;77785;65779
29;FINISTERE;80632;67808
29;FINISTERE;84579;71059
29;FINISTERE;76500;62424
29;FINISTERE;75691;62375
30;GARD;74821;59319
30;GARD;93358;75415
30;GARD;93494;77663
30;GARD;78321;63702
30;GARD;80220;65430
31;HAUTE-GARONNE;62407;45956
31;HAUTE-GARONNE;91042;74113
31;HAUTE-GARONNE;74532;60821
31;HAUTE-GARONNE;50868;37214
31;HAUTE-GARONNE;104991;87707
31;HAUTE-GARONNE;95513;78567
31;HAUTE-GARONNE;96445;83010
31;HAUTE-GARONNE;78673;65737
32;GERS;71016;60119
32;GERS;65463;55401
33;GIRONDE;71544;57164
33;GIRONDE;52588;40814
33;GIRONDE;65097;51799
33;GIRONDE;73351;59183
33;GIRONDE;80264;65783
33;GIRONDE;74757;61926
33;GIRONDE;83370;68827
33;GIRONDE;93124;76821
33;GIRONDE;87752;73487
33;GIRONDE;73101;60878
33;GIRONDE;72796;60574
34;HERAULT;63565;50491
34;HERAULT;56651;45184
34;HERAULT;98112;81478
34;HERAULT;104539;87957
34;HERAULT;82863;68960
34;HERAULT;77410;62488
34;HERAULT;93456;75707
35;ILLE-ET-VILAINE;71776;54957
35;ILLE-ET-VILAINE;84023;68291
35;ILLE-ET-VILAINE;78437;63417
35;ILLE-ET-VILAINE;87660;72698
35;ILLE-ET-VILAINE;99212;81968
35;ILLE-ET-VILAINE;71237;59840
35;ILLE-ET-VILAINE;89163;72916
36;INDRE;55728;44900
36;INDRE;65434;54023
36;INDRE;59537;49406
37;INDRE-ET-LOIRE;54716;41047
37;INDRE-ET-LOIRE;78649;63874
37;INDRE-ET-LOIRE;85209;69806
37;INDRE-ET-LOIRE;80046;63436
37;INDRE-ET-LOIRE;70575;56654
38;ISERE;65012;50921
38;ISERE;65481;51729
38;ISERE;55961;42758
38;ISERE;73840;59113
38;ISERE;74375;60413
38;ISERE;84305;65989
38;ISERE;81143;64599
38;ISERE;87412;69850
38;ISERE;74692;60269
39;JURA;61695;50803
39;JURA;51515;41942
39;JURA;64563;54258
40;LANDES;80115;67485
40;LANDES;87025;72900
40;LANDES;77579;67458
41;LOIR-ET-CHER;84868;68880
41;LOIR-ET-CHER;74818;61380
41;LOIR-ET-CHER;68478;56273
42;LOIRE;69592;51475
42;LOIRE;56134;40248
42;LOIRE;73346;58534
42;LOIRE;69934;52951
42;LOIRE;68670;55050
42;LOIRE;63285;51260
42;LOIRE;85520;69261
43;HAUTE-LOIRE;81439;67630
43;HAUTE-LOIRE;78452;65131
44;LOIRE-ATLANTIQUE;68386;52647
44;LOIRE-ATLANTIQUE;74086;55320
44;LOIRE-ATLANTIQUE;80548;61742
44;LOIRE-ATLANTIQUE;69937;55613
44;LOIRE-ATLANTIQUE;92014;75622
44;LOIRE-ATLANTIQUE;67962;56049
44;LOIRE-ATLANTIQUE;86560;70924
44;LOIRE-ATLANTIQUE;74797;57075
44;LOIRE-ATLANTIQUE;76100;62755
44;LOIRE-ATLANTIQUE;77726;64907
45;LOIRET;72838;60042
45;LOIRET;74476;60002
45;LOIRET;78907;64150
45;LOIRET;87419;70385
45;LOIRET;81229;66647
46;LOT;63385;54747
46;LOT;61370;53473
47;LOT-ET-GARONNE;77340;64701
47;LOT-ET-GARONNE;74717;63896
47;LOT-ET-GARONNE;72771;60933
48;LOZERE;30792;26043
48;LOZERE;26890;23334
49;MAINE-ET-LOIRE;72243;58222
49;MAINE-ET-LOIRE;76215;62612
49;MAINE-ET-LOIRE;61885;49600
49;MAINE-ET-LOIRE;67385;54177
49;MAINE-ET-LOIRE;68229;55108
49;MAINE-ET-LOIRE;78471;65575
49;MAINE-ET-LOIRE;65246;53961
50;MANCHE;71017;58574
50;MANCHE;74433;62010
50;MANCHE;70223;57038
50;MANCHE;66123;54096
50;MANCHE;69939;55377
51;MARNE;56397;42333
51;MARNE;62836;49296
51;MARNE;59594;46603
51;MARNE;58792;45810
51;MARNE;61500;50764
51;MARNE;67065;52485
52;HAUTE-MARNE;78102;63635
52;HAUTE-MARNE;67855;53164
53;MAYENNE;75823;61654
53;MAYENNE;61851;50888
53;MAYENNE;68679;57017
54;MEURTHE-ET-MOSELLE;50001;39115
54;MEURTHE-ET-MOSELLE;75279;60183
54;MEURTHE-ET-MOSELLE;58729;46038
54;MEURTHE-ET-MOSELLE;74954;59785
54;MEURTHE-ET-MOSELLE;67902;55116
54;MEURTHE-ET-MOSELLE;73934;58712
54;MEURTHE-ET-MOSELLE;69762;53715
55;MEUSE;79120;64786
55;MEUSE;61625;49931
56;MORBIHAN;72843;60119
56;MORBIHAN;76624;63018
56;MORBIHAN;72844;61925
56;MORBIHAN;78505;65854
56;MORBIHAN;81039;62885
56;MORBIHAN;143541;116874
57;MOSELLE;68121;53295
57;MOSELLE;69436;54216
57;MOSELLE;66839;52306
57;MOSELLE;83437;68427
57;MOSELLE;71887;56331
57;MOSELLE;70902;52514
57;MOSELLE;73626;57539
57;MOSELLE;69140;55168
57;MOSELLE;66720;51888
57;MOSELLE;67049;52142
58;NIEVRE;56335;45820
58;NIEVRE;60088;48750
58;NIEVRE;57546;47664
59;NORD;56828;41462
59;NORD;68653;53012
59;NORD;57818;43155
59;NORD;66195;51529
59;NORD;80185;63688
59;NORD;70573;59592
59;NORD;67141;51040
59;NORD;67119;49165
59;NORD;64222;48687
59;NORD;70406;53816
59;NORD;80285;63622
59;NORD;67587;53639
59;NORD;64645;50616
59;NORD;66718;57145
59;NORD;66445;55415
59;NORD;77490;62235
59;NORD;73285;56905
59;NORD;76857;64018
59;NORD;77062;61410
59;NORD;78236;60507
59;NORD;75296;58831
59;NORD;73344;61655
59;NORD;66938;51155
59;NORD;64498;51864
60;OISE;72093;60190
60;OISE;74939;62053
60;OISE;65450;51060
60;OISE;78951;63247
60;OISE;63623;51982
60;OISE;66073;53796
60;OISE;67132;53692
61;ORNE;71900;58532
61;ORNE;68397;56183
61;ORNE;73289;61005
62;PAS-DE-CALAIS;75833;65071
62;PAS-DE-CALAIS;70601;59914
62;PAS-DE-CALAIS;69505;62394
62;PAS-DE-CALAIS;72846;60778
62;PAS-DE-CALAIS;61084;48709
62;PAS-DE-CALAIS;68881;54406
62;PAS-DE-CALAIS;77611;60960
62;PAS-DE-CALAIS;63983;54150
62;PAS-DE-CALAIS;76268;63086
62;PAS-DE-CALAIS;73024;56794
62;PAS-DE-CALAIS;87533;70585
62;PAS-DE-CALAIS;76040;58030
62;PAS-DE-CALAIS;70942;53577
62;PAS-DE-CALAIS;71996;55285
63;PUY-DE-DOME;58449;46774
63;PUY-DE-DOME;68868;56850
63;PUY-DE-DOME;69639;57636
63;PUY-DE-DOME;70479;58937
63;PUY-DE-DOME;65437;54076
63;PUY-DE-DOME;82647;69886
64;PYRENEES-ATLANTIQUES;62541;50823
64;PYRENEES-ATLANTIQUES;64863;54722
64;PYRENEES-ATLANTIQUES;75595;63804
64;PYRENEES-ATLANTIQUES;79359;66585
64;PYRENEES-ATLANTIQUES;71902;58023
64;PYRENEES-ATLANTIQUES;78204;62675
65;HAUTES-PYRENEES;59341;49301
65;HAUTES-PYRENEES;61717;50495
65;HAUTES-PYRENEES;52590;42053
66;PYRENEES-ORIENTALES;57333;46339
66;PYRENEES-ORIENTALES;75836;61926
66;PYRENEES-ORIENTALES;60337;48264
66;PYRENEES-ORIENTALES;73315;60397
67;BAS-RHIN;50675;38178
67;BAS-RHIN;51550;38442
67;BAS-RHIN;64277;46306
67;BAS-RHIN;100009;78475
67;BAS-RHIN;85803;67686
67;BAS-RHIN;69307;55279
67;BAS-RHIN;75259;60326
67;BAS-RHIN;65294;51531
67;BAS-RHIN;91459;71724
68;HAUT-RHIN;63130;49202
68;HAUT-RHIN;68136;54354
68;HAUT-RHIN;73852;59713
68;HAUT-RHIN;65347;50949
68;HAUT-RHIN;53341;40381
68;HAUT-RHIN;69007;52813
68;HAUT-RHIN;65568;52048
69;RHONE;56837;43441
69;RHONE;64505;49319
69;RHONE;58842;44333
69;RHONE;64420;49822
69;RHONE;77442;62802
69;RHONE;65508;49910
69;RHONE;57626;43971
69;RHONE;71581;58392
69;RHONE;69420;55186
69;RHONE;73401;61092
69;RHONE;68031;54684
69;RHONE;67841;54524
69;RHONE;79159;62993
69;RHONE;47938;36085
70;HAUTE-SAONE;60467;51019
70;HAUTE-SAONE;58008;48916
70;HAUTE-SAONE;51580;43292
71;SAONE-ET-LOIRE;61788;48808
71;SAONE-ET-LOIRE;64842;52334
71;SAONE-ET-LOIRE;69007;56194
71;SAONE-ET-LOIRE;63152;49787
71;SAONE-ET-LOIRE;61565;48458
71;SAONE-ET-LOIRE;79351;63863
72;SARTHE;66904;53374
72;SARTHE;80217;62280
72;SARTHE;78523;63899
72;SARTHE;70686;56630
72;SARTHE;82018;66485
73;SAVOIE;89462;72602
73;SAVOIE;74880;58853
73;SAVOIE;84886;68206
74;HAUTE-SAVOIE;81815;66749
74;HAUTE-SAVOIE;71734;57442
74;HAUTE-SAVOIE;70987;56098
74;HAUTE-SAVOIE;74847;58901
74;HAUTE-SAVOIE;86207;68855
75;PARIS;58565;44417
75;PARIS;58567;47101
75;PARIS;47125;37400
75;PARIS;54343;41052
75;PARIS;42992;32017
75;PARIS;58026;43672
75;PARIS;58465;44223
75;PARIS;65168;51107
75;PARIS;54328;42218
75;PARIS;60808;47837
75;PARIS;56998;44063
75;PARIS;64270;50604
75;PARIS;68159;53254
75;PARIS;49104;40008
75;PARIS;41556;33504
75;PARIS;53971;42835
75;PARIS;52928;39648
75;PARIS;52832;40227
75;PARIS;43199;32168
75;PARIS;59234;45013
75;PARIS;66895;51701
76;SEINE-MARITIME;59198;45570
76;SEINE-MARITIME;79516;63116
76;SEINE-MARITIME;56781;43372
76;SEINE-MARITIME;70147;54808
76;SEINE-MARITIME;82979;67288
76;SEINE-MARITIME;74533;57772
76;SEINE-MARITIME;61104;45744
76;SEINE-MARITIME;56011;40048
76;SEINE-MARITIME;76373;62575
76;SEINE-MARITIME;75356;62914
76;SEINE-MARITIME;72462;58611
76;SEINE-MARITIME;67110;56560
77;SEINE-ET-MARNE;80241;63222
77;SEINE-ET-MARNE;71064;57492
77;SEINE-ET-MARNE;71212;56226
77;SEINE-ET-MARNE;73088;58838
77;SEINE-ET-MARNE;75052;59580
77;SEINE-ET-MARNE;70947;55981
77;SEINE-ET-MARNE;78757;61326
77;SEINE-ET-MARNE;83507;65754
77;SEINE-ET-MARNE;87163;69712
78;YVELINES;82806;68283
78;YVELINES;72564;59760
78;YVELINES;66371;54079
78;YVELINES;68076;55220
78;YVELINES;65658;52694
78;YVELINES;55886;45021
78;YVELINES;68068;54697
78;YVELINES;59144;47725
78;YVELINES;76425;62445
78;YVELINES;90240;75080
78;YVELINES;52237;41813
78;YVELINES;65144;52616
79;DEUX-SEVRES;60548;48144
79;DEUX-SEVRES;68711;56838
79;DEUX-SEVRES;61474;51582
79;DEUX-SEVRES;68508;56807
80;SOMME;57409;45591
80;SOMME;62609;50282
80;SOMME;65816;56857
80;SOMME;69939;58674
80;SOMME;63389;53666
80;SOMME;71771;60935
81;TARN;84156;47866
81;TARN;72130;60803
81;TARN;58592;49185
81;TARN;69927;60206
82;TARN-ET-GARONNE;75322;63718
82;TARN-ET-GARONNE;75816;63920
83;VAR;53655;40002
83;VAR;56437;42710
83;VAR;94453;74432
83;VAR;95426;78020
83;VAR;85609;67626
83;VAR;118256;95702
83;VAR;97506;72808
84;VAUCLUSE;68561;53633
84;VAUCLUSE;101743;83062
84;VAUCLUSE;81698;66350
84;VAUCLUSE;73228;60544
85;VENDEE;79243;65839
85;VENDEE;75392;63817
85;VENDEE;86537;69495
85;VENDEE;78618;67042
85;VENDEE;74379;62611
86;VIENNE;71997;58858
86;VIENNE;65899;53877
86;VIENNE;69399;57363
86;VIENNE;74093;59393
87;HAUTE-VIENNE;53733;44296
87;HAUTE-VIENNE;72271;61747
87;HAUTE-VIENNE;67094;55817
87;HAUTE-VIENNE;70077;58696
88;VOSGES;73384;59830
88;VOSGES;71965;58155
88;VOSGES;64793;53195
88;VOSGES;68705;57105
89;YONNE;74619;60295
89;YONNE;71843;58554
89;YONNE;83768;67847
90;TERRITOIRE DE BELFORT;42119;34652
90;TERRITOIRE DE BELFORT;45521;38754
91;ESSONNE;60896;48816
91;ESSONNE;72569;59767
91;ESSONNE;82250;67855
91;ESSONNE;72474;59612
91;ESSONNE;61591;50921
91;ESSONNE;69846;55527
91;ESSONNE;68498;54744
91;ESSONNE;70198;55064
91;ESSONNE;68316;54690
91;ESSONNE;56866;44627
92;HAUTS-DE-SEINE;57965;42080
92;HAUTS-DE-SEINE;57067;44062
92;HAUTS-DE-SEINE;64836;51609
92;HAUTS-DE-SEINE;61572;47552
92;HAUTS-DE-SEINE;54165;41807
92;HAUTS-DE-SEINE;60097;48471
92;HAUTS-DE-SEINE;75102;60322
92;HAUTS-DE-SEINE;64999;52822
92;HAUTS-DE-SEINE;53670;42934
92;HAUTS-DE-SEINE;54529;42898
92;HAUTS-DE-SEINE;61947;46454
92;HAUTS-DE-SEINE;75769;59536
92;HAUTS-DE-SEINE;82222;65730
93;SEINE-SAINT-DENIS;48993;35379
93;SEINE-SAINT-DENIS;48865;34998
93;SEINE-SAINT-DENIS;49254;34046
93;SEINE-SAINT-DENIS;44310;32082
93;SEINE-SAINT-DENIS;53555;38354
93;SEINE-SAINT-DENIS;57122;42116
93;SEINE-SAINT-DENIS;46489;34206
93;SEINE-SAINT-DENIS;59194;45680
93;SEINE-SAINT-DENIS;55685;40304
93;SEINE-SAINT-DENIS;47870;37057
93;SEINE-SAINT-DENIS;54716;41977
93;SEINE-SAINT-DENIS;57743;45567
93;SEINE-SAINT-DENIS;59908;46868
94;VAL-DE-MARNE;52174;42164
94;VAL-DE-MARNE;60113;46502
94;VAL-DE-MARNE;65072;51534
94;VAL-DE-MARNE;62658;51353
94;VAL-DE-MARNE;56516;44278
94;VAL-DE-MARNE;71631;55268
94;VAL-DE-MARNE;53742;43014
94;VAL-DE-MARNE;54301;42744
94;VAL-DE-MARNE;46377;35660
94;VAL-DE-MARNE;55702;42012
94;VAL-DE-MARNE;53795;40839
94;VAL-DE-MARNE;60026;47372
95;VAL-D'OISE;69614;56431
95;VAL-D'OISE;93208;75590
95;VAL-D'OISE;73861;58576
95;VAL-D'OISE;69798;54537
95;VAL-D'OISE;60434;45580
95;VAL-D'OISE;66514;51996
95;VAL-D'OISE;74320;59328
95;VAL-D'OISE;46996;35849
95;VAL-D'OISE;56952;45093