Code_departement;departement;Inscrits;Votants
01;AIN;73692;59266
01;AIN;75214;62479
01;AIN;63821;53762
02;AISNE;55557;48684
02;AISNE;71514;62915
02;AISNE;48122;41787
02;AISNE;55871;49038
02;AISNE;73903;63262
03;ALLIER;55470;47071
03;ALLIER;63844;55181
03;ALLIER;54252;46142
03;ALLIER;67648;56804
04;ALPES-DE-HAUTE-PROVENCE;34144;28670
04;ALPES-DE-HAUTE-PROVENCE;35986;30698
05;HAUTES-ALPES;34454;29625
05;HAUTES-ALPES;28076;22590
06;ALPES-MARITIMES;57332;49258
06;ALPES-MARITIMES;72123;61249
06;ALPES-MARITIMES;79172;66842
06;ALPES-MARITIMES;68994;57940
06;ALPES-MARITIMES;86175;74309
06;ALPES-MARITIMES;98716;82509
07;ARDECHE;58406;50054
07;ARDECHE;59718;51362
07;ARDECHE;51336;43035
08;ARDENNES;55320;47407
08;ARDENNES;59445;50539
08;ARDENNES;52893;45780
09;ARIEGE;46459;39352
09;ARIEGE;49781;40912
10;AUBE;45347;38781
10;AUBE;54329;46601
10;AUBE;61383;52120
11;AUDE;60171;51754
11;AUDE;66860;57465
11;AUDE;53515;46380
12;AVEYRON;64816;55545
12;AVEYRON;58695;50421
12;AVEYRON;65658;55753
13;BOUCHES-DU-RHONE;44380;31996
13;BOUCHES-DU-RHONE;87357;69055
13;BOUCHES-DU-RHONE;54557;40527
13;BOUCHES-DU-RHONE;68621;54147
13;BOUCHES-DU-RHONE;56021;43571
13;BOUCHES-DU-RHONE;71998;59927
13;BOUCHES-DU-RHONE;46973;36268
13;BOUCHES-DU-RHONE;88187;71422
13;BOUCHES-DU-RHONE;92496;78210
13;BOUCHES-DU-RHONE;125908;106023
13;BOUCHES-DU-RHONE;82176;70346
14;CALVADOS;106376;90165
14;CALVADOS;51919;45201
14;CALVADOS;60406;51885
14;CALVADOS;45706;39206
14;CALVADOS;50073;43514
15;CANTAL;59556;49271
15;CANTAL;52277;42199
16;CHARENTE;83420;70765
16;CHARENTE;60745;51323
16;CHARENTE;65001;55898
17;CHARENTE-MARITIME;76284;62807
17;CHARENTE-MARITIME;44218;36435
17;CHARENTE-MARITIME;46813;38360
17;CHARENTE-MARITIME;69804;57145
17;CHARENTE-MARITIME;70638;58266
18;CHER;68618;58567
18;CHER;65941;57140
18;CHER;56354;47264
19;CORREZE;55099;47022
19;CORREZE;65376;57407
19;CORREZE;44817;38682
20;CORSE;62771;42211
20;CORSE;54108;38826
20;CORSE;63438;41396
20;CORSE;78484;65945
21;COTE-D'OR;69212;57773
21;COTE-D'OR;52156;43330
21;COTE-D'OR;48887;41491
21;COTE-D'OR;88081;76671
22;COTES-D'ARMOR;64461;56463
22;COTES-D'ARMOR;57200;50397
22;COTES-D'ARMOR;60100;52505
22;COTES-D'ARMOR;71249;61305
22;COTES-D'ARMOR;51486;41652
23;CREUSE;56859;44896
23;CREUSE;68492;60546
24;DORDOGNE;63067;54476
24;DORDOGNE;64352;56208
24;DORDOGNE;64108;55972
24;DORDOGNE;90427;75942
25;DOUBS;93391;80085
25;DOUBS;57729;50233
25;DOUBS;76931;64638
26;DROME;65398;55495
26;DROME;69488;58591
26;DROME;72340;62227
27;EURE;50676;43807
27;EURE;57607;50218
27;EURE;58492;51923
27;EURE;66799;58675
28;EURE-ET-LOIR;65642;56784
28;EURE-ET-LOIR;60435;52249
28;EURE-ET-LOIR;69000;59239
29;FINISTERE;90134;73664
29;FINISTERE;65448;57614
29;FINISTERE;56445;49253
29;FINISTERE;58246;50863
29;FINISTERE;58019;48804
29;FINISTERE;52569;43964
29;FINISTERE;62400;52956
29;FINISTERE;81254;65487
30;GARD;101501;87185
30;GARD;68069;58412
30;GARD;49978;42487
30;GARD;57335;48604
31;HAUTE-GARONNE;67366;56443
31;HAUTE-GARONNE;75683;63998
31;HAUTE-GARONNE;88891;76282
31;HAUTE-GARONNE;77742;67567
31;HAUTE-GARONNE;57790;47231
31;HAUTE-GARONNE;61535;51670
32;GERS;56088;46974
32;GERS;73528;60832
33;GIRONDE;33855;27092
33;GIRONDE;48854;39523
33;GIRONDE;66866;57267
33;GIRONDE;64490;55019
33;GIRONDE;86005;72128
33;GIRONDE;71750;60728
33;GIRONDE;60007;51504
33;GIRONDE;57032;48151
33;GIRONDE;48065;40386
33;GIRONDE;87793;73911
34;HERAULT;84852;71958
34;HERAULT;67534;56794
34;HERAULT;68085;56190
34;HERAULT;53719;43928
34;HERAULT;83229;69546
35;ILLE-ET-VILAINE;100749;85976
35;ILLE-ET-VILAINE;46384;41278
35;ILLE-ET-VILAINE;49824;41894
35;ILLE-ET-VILAINE;50021;44321
35;ILLE-ET-VILAINE;80247;68097
35;ILLE-ET-VILAINE;57236;48418
36;INDRE;53913;44576
36;INDRE;52668;44436
36;INDRE;69724;57482
37;INDRE-ET-LOIRE;64798;55203
37;INDRE-ET-LOIRE;60853;52684
37;INDRE-ET-LOIRE;71666;61246
37;INDRE-ET-LOIRE;65360;54597
38;ISERE;91081;75321
38;ISERE;67860;56515
38;ISERE;59598;50044
38;ISERE;52823;44916
38;ISERE;50663;43294
38;ISERE;58697;48757
38;ISERE;73275;61466
39;JURA;74213;63210
39;JURA;61720;52637
40;LANDES;71923;62631
40;LANDES;55078;48290
40;LANDES;65683;56367
41;LOIR-ET-CHER;56850;48849
41;LOIR-ET-CHER;50745;43761
41;LOIR-ET-CHER;51789;40760
42;LOIRE;72114;56676
42;LOIRE;66688;55580
42;LOIRE;53228;43798
42;LOIRE;62315;51431
42;LOIRE;47644;40262
42;LOIRE;65122;54767
42;LOIRE;71193;59275
43;HAUTE-LOIRE;67084;55195
43;HAUTE-LOIRE;85202;69247
44;LOIRE-ATLANTIQUE;68290;55698
44;LOIRE-ATLANTIQUE;66604;56409
44;LOIRE-ATLANTIQUE;77129;67244
44;LOIRE-ATLANTIQUE;49772;42764
44;LOIRE-ATLANTIQUE;73604;61930
44;LOIRE-ATLANTIQUE;53339;46050
44;LOIRE-ATLANTIQUE;61310;53621
44;LOIRE-ATLANTIQUE;71644;62292
45;LOIRET;70610;61863
45;LOIRET;62136;54149
45;LOIRET;65366;56355
45;LOIRET;52265;45304
46;LOT;50432;43870
46;LOT;69705;59130
47;LOT-ET-GARONNE;56292;48953
47;LOT-ET-GARONNE;59751;51127
47;LOT-ET-GARONNE;28851;23360
48;LOZERE;23832;19690
48;LOZERE;53223;44123
49;MAINE-ET-LOIRE;62356;53585
49;MAINE-ET-LOIRE;48165;39848
49;MAINE-ET-LOIRE;52580;44571
49;MAINE-ET-LOIRE;75323;66916
49;MAINE-ET-LOIRE;63777;54782
49;MAINE-ET-LOIRE;55166;47915
50;MANCHE;65689;56808
50;MANCHE;56063;47562
50;MANCHE;45711;38639
50;MANCHE;55010;46129
50;MANCHE;73868;63110
51;MARNE;70183;59372
51;MARNE;72124;60599
51;MARNE;66147;56535
51;MARNE;68057;57415
52;HAUTE-MARNE;57102;48332
52;HAUTE-MARNE;63206;55117
53;MAYENNE;49412;43284
53;MAYENNE;47733;41768
53;MAYENNE;69148;58023
54;MEURTHE-ET-MOSELLE;73362;60964
54;MEURTHE-ET-MOSELLE;60865;49445
54;MEURTHE-ET-MOSELLE;49178;42324
54;MEURTHE-ET-MOSELLE;41434;35380
54;MEURTHE-ET-MOSELLE;47779;42291
54;MEURTHE-ET-MOSELLE;49768;42828
54;MEURTHE-ET-MOSELLE;69122;58991
55;MEUSE;54524;46872
55;MEUSE;70316;60110
56;MORBIHAN;55489;46114
56;MORBIHAN;54872;48176
56;MORBIHAN;43842;37308
56;MORBIHAN;70593;58533
56;MORBIHAN;52984;44954
56;MORBIHAN;91741;78089
57;MOSELLE;60025;51284
57;MOSELLE;70421;59991
57;MOSELLE;63406;54456
57;MOSELLE;75310;62655
57;MOSELLE;59460;49374
57;MOSELLE;48626;41165
57;MOSELLE;55866;47808
57;MOSELLE;58110;49289
58;NIEVRE;54563;46418
58;NIEVRE;45426;38911
58;NIEVRE;46484;39623
59;NORD;46640;37454
59;NORD;44953;37588
59;NORD;42590;36315
59;NORD;61550;54042
59;NORD;61536;55653
59;NORD;85632;75160
59;NORD;56797;48824
59;NORD;78115;69150
59;NORD;74256;67431
59;NORD;98892;82698
59;NORD;42885;39152
59;NORD;49173;44298
59;NORD;72000;63839
59;NORD;61282;54456
59;NORD;61966;54930
59;NORD;45268;40485
59;NORD;56348;48495
59;NORD;74123;63769
59;NORD;72825;64473
59;NORD;39457;34833
59;NORD;54984;47650
59;NORD;46328;41432
59;NORD;58932;52016
60;OISE;64028;55129
60;OISE;59356;52206
60;OISE;81581;70557
60;OISE;54318;48055
60;OISE;58948;50173
61;ORNE;51386;44195
61;ORNE;64909;55831
61;ORNE;69323;62278
62;PAS-DE-CALAIS;55924;50663
62;PAS-DE-CALAIS;53130;47913
62;PAS-DE-CALAIS;56099;49877
62;PAS-DE-CALAIS;54337;47611
62;PAS-DE-CALAIS;60095;53245
62;PAS-DE-CALAIS;65296;55097
62;PAS-DE-CALAIS;63662;57590
62;PAS-DE-CALAIS;57094;50118
62;PAS-DE-CALAIS;50862;44010
62;PAS-DE-CALAIS;54603;48698
62;PAS-DE-CALAIS;56119;48737
62;PAS-DE-CALAIS;46801;40755
62;PAS-DE-CALAIS;57087;50094
62;PAS-DE-CALAIS;85269;74158
63;PUY-DE-DOME;67916;58707
63;PUY-DE-DOME;52384;43604
63;PUY-DE-DOME;61351;50919
63;PUY-DE-DOME;65756;56057
63;PUY-DE-DOME;107483;89719
64;PYRENEES-ATLANTIQUES;77992;65510
64;PYRENEES-ATLANTIQUES;48769;40410
64;PYRENEES-ATLANTIQUES;95201;80077
64;PYRENEES-ATLANTIQUES;69823;57059
65;HAUTES-PYRENEES;76011;63820
65;HAUTES-PYRENEES;102738;83078
66;PYRENEES-ORIENTALES;80038;65609
66;PYRENEES-ORIENTALES;44282;35497
67;BAS-RHIN;67740;55086
67;BAS-RHIN;95745;77709
67;BAS-RHIN;63121;54493
67;BAS-RHIN;48251;41447
67;BAS-RHIN;52697;42930
67;BAS-RHIN;50287;41655
67;BAS-RHIN;64091;53493
67;BAS-RHIN;69172;58758
68;HAUT-RHIN;62067;52640
68;HAUT-RHIN;72550;63305
68;HAUT-RHIN;75729;59061
68;HAUT-RHIN;78657;65725
68;HAUT-RHIN;58929;49180
69;RHONE;52485;43376
69;RHONE;40744;32561
69;RHONE;56771;46791
69;RHONE;40990;33851
69;RHONE;56789;46305
69;RHONE;71338;61228
69;RHONE;61875;54001
69;RHONE;42400;36134
69;RHONE;50793;42798
69;RHONE;62333;53202
69;RHONE;61753;53090
69;RHONE;53759;45280
69;RHONE;69960;57430
70;HAUTE-SAONE;69073;60315
70;HAUTE-SAONE;71514;57895
71;SAONE-ET-LOIRE;71976;59686
71;SAONE-ET-LOIRE;61888;52414
71;SAONE-ET-LOIRE;64820;53814
71;SAONE-ET-LOIRE;70689;57572
71;SAONE-ET-LOIRE;55522;47429
72;SARTHE;68014;58645
72;SARTHE;54975;46892
72;SARTHE;61383;52280
72;SARTHE;46349;40032
72;SARTHE;64944;54824
73;SAVOIE;49176;39843
73;SAVOIE;61309;51429
73;SAVOIE;98380;82104
74;HAUTE-SAVOIE;54057;44528
74;HAUTE-SAVOIE;79882;65436
74;HAUTE-SAVOIE;39515;31295
75;PARIS;39448;30974
75;PARIS;43182;35082
75;PARIS;36982;29329
75;PARIS;43637;36227
75;PARIS;29393;25028
75;PARIS;39221;32353
75;PARIS;52205;42483
75;PARIS;33908;28307
75;PARIS;47590;39564
75;PARIS;44573;38232
75;PARIS;36157;30475
75;PARIS;35808;30415
75;PARIS;44781;38553
75;PARIS;46533;38408
75;PARIS;36716;29962
75;PARIS;51363;42841
75;PARIS;34443;28740
75;PARIS;43437;36164
75;PARIS;57365;48981
75;PARIS;45873;39116
75;PARIS;33572;28034
75;PARIS;37446;31040
75;PARIS;34647;27953
75;PARIS;43294;35526
75;PARIS;35854;29153
75;PARIS;34187;27902
75;PARIS;33245;27455
75;PARIS;36464;30647
75;PARIS;38369;31625
75;PARIS;53417;43807
75;PARIS;63384;53730
76;SEINE-MARITIME;77413;66938
76;SEINE-MARITIME;65434;55058
76;SEINE-MARITIME;74525;63599
76;SEINE-MARITIME;69174;59574
76;SEINE-MARITIME;84204;71126
76;SEINE-MARITIME;65979;55786
76;SEINE-MARITIME;52364;45900
76;SEINE-MARITIME;60296;52393
76;SEINE-MARITIME;49015;42200
76;SEINE-MARITIME;106855;90658
77;SEINE-ET-MARNE;84163;71731
77;SEINE-ET-MARNE;72587;61762
77;SEINE-ET-MARNE;61383;52427
77;SEINE-ET-MARNE;65470;55605
77;SEINE-ET-MARNE;59870;50525
78;YVELINES;73494;61780
78;YVELINES;89549;77387
78;YVELINES;61113;53244
78;YVELINES;47985;41473
78;YVELINES;55847;48238
78;YVELINES;66335;57367
78;YVELINES;75836;66762
78;YVELINES;82990;69296
79;DEUX-SEVRES;66177;56636
79;DEUX-SEVRES;57902;50874
79;DEUX-SEVRES;81712;71417
80;SOMME;57492;51442
80;SOMME;60828;55631
80;SOMME;56469;50711
80;SOMME;61400;55236
80;SOMME;76873;67011
81;TARN;72093;63947
81;TARN;67540;58996
81;TARN;56376;49348
82;TARN-ET-GARONNE;60836;51832
82;TARN-ET-GARONNE;80071;68554
83;VAR;93652;78324
83;VAR;80319;65274
83;VAR;108341;89250
83;VAR;81934;71214
84;VAUCLUSE;69360;59159
84;VAUCLUSE;65975;57312
84;VAUCLUSE;65667;58804
85;VENDEE;64007;55402
85;VENDEE;77422;65894
85;VENDEE;69517;62872
85;VENDEE;82495;70827
86;VIENNE;64470;54538
86;VIENNE;68833;59103
86;VIENNE;76174;65870
87;HAUTE-VIENNE;65071;55909
87;HAUTE-VIENNE;90843;77613
87;HAUTE-VIENNE;72781;61942
88;VOSGES;53570;44807
88;VOSGES;55297;47710
88;VOSGES;57153;48992
88;VOSGES;57531;48885
89;YONNE;55285;47323
89;YONNE;71259;60574
89;YONNE;37848;32587
90;TERRITOIRE DE BELFORT;29089;24939
90;TERRITOIRE DE BELFORT;100392;86875
91;ESSONNE;110134;96170
91;ESSONNE;145426;126020
91;ESSONNE;78282;69429
91;ESSONNE;30041;25258
92;HAUTS-DE-SEINE;43462;37026
92;HAUTS-DE-SEINE;58574;51063
92;HAUTS-DE-SEINE;55822;47203
92;HAUTS-DE-SEINE;46440;39816
92;HAUTS-DE-SEINE;56394;48790
92;HAUTS-DE-SEINE;58806;48942
92;HAUTS-DE-SEINE;58239;50455
92;HAUTS-DE-SEINE;62664;53022
92;HAUTS-DE-SEINE;58478;48375
92;HAUTS-DE-SEINE;61649;51809
92;HAUTS-DE-SEINE;97179;82722
92;HAUTS-DE-SEINE;88429;75136
92;HAUTS-DE-SEINE;61809;52822
93;SEINE-SAINT-DENIS;41450;34828
93;SEINE-SAINT-DENIS;61508;53075
93;SEINE-SAINT-DENIS;62957;52567
93;SEINE-SAINT-DENIS;86462;72340
93;SEINE-SAINT-DENIS;58558;48852
93;SEINE-SAINT-DENIS;67320;56328
93;SEINE-SAINT-DENIS;88286;74810
93;SEINE-SAINT-DENIS;103047;88344
93;SEINE-SAINT-DENIS;72547;62011
94;VAL-DE-MARNE;81675;69293
94;VAL-DE-MARNE;68227;60896
94;VAL-DE-MARNE;68091;58769
94;VAL-DE-MARNE;84040;72278
94;VAL-DE-MARNE;76890;66223
94;VAL-DE-MARNE;68324;57573
94;VAL-DE-MARNE;91660;79412
94;VAL-DE-MARNE;80245;69016
95;VAL-D'OISE;63423;54486
95;VAL-D'OISE;61382;51723
95;VAL-D'OISE;91301;78913
95;VAL-D'OISE;113413;97573