Code_departement;departement;Inscrits;Votants
1;AIN;80486;58825
1;AIN;82984;61231
1;AIN;76759;55344
1;AIN;97991;73817
2;AISNE;69958;51878
2;AISNE;72792;55406
2;AISNE;72588;53015
2;AISNE;76117;54427
2;AISNE;75479;55925
3;ALLIER;57776;42329
3;ALLIER;65563;47479
3;ALLIER;70086;52993
3;ALLIER;62688;46246
4;ALPES-DE-HAUTE-PROVENCE;53649;40262
4;ALPES-DE-HAUTE-PROVENCE;55294;42133
5;HAUTES-ALPES;52747;40229
5;HAUTES-ALPES;42353;31820
6;ALPES-MARITIMES;61060;38627
6;ALPES-MARITIMES;66542;41784
6;ALPES-MARITIMES;72088;45900
6;ALPES-MARITIMES;69793;48248
6;ALPES-MARITIMES;82946;57729
6;ALPES-MARITIMES;94464;69870
6;ALPES-MARITIMES;88792;63515
6;ALPES-MARITIMES;60545;43676
6;ALPES-MARITIMES;94118;68725
7;ARDECHE;68864;52417
7;ARDECHE;82938;63437
7;ARDECHE;68095;51823
8;ARDENNES;70296;51037
8;ARDENNES;64053;45190
8;ARDENNES;58073;42381
9;ARIEGE;53949;40688
9;ARIEGE;55078;42185
10;AUBE;55430;41128
10;AUBE;68663;50771
10;AUBE;69608;51025
11;AUDE;65692;50492
11;AUDE;99562;74052
11;AUDE;71598;55448
12;AVEYRON;72511;56968
12;AVEYRON;71859;55406
12;AVEYRON;70225;55497
13;BOUCHES-DU-RHONE;54981;39470
13;BOUCHES-DU-RHONE;58102;43042
13;BOUCHES-DU-RHONE;42872;29727
13;BOUCHES-DU-RHONE;42755;28135
13;BOUCHES-DU-RHONE;47669;33854
13;BOUCHES-DU-RHONE;63256;45824
13;BOUCHES-DU-RHONE;46567;31630
13;BOUCHES-DU-RHONE;64165;46277
13;BOUCHES-DU-RHONE;83123;60808
13;BOUCHES-DU-RHONE;111642;83099
13;BOUCHES-DU-RHONE;87997;65980
13;BOUCHES-DU-RHONE;99637;73296
13;BOUCHES-DU-RHONE;83017;61099
13;BOUCHES-DU-RHONE;90330;68159
13;BOUCHES-DU-RHONE;89712;69253
13;BOUCHES-DU-RHONE;79144;58495
14;CALVADOS;69121;49620
14;CALVADOS;64499;45903
14;CALVADOS;71443;52025
14;CALVADOS;75432;56135
14;CALVADOS;94126;69552
14;CALVADOS;83450;63255
15;CANTAL;63999;48324
15;CANTAL;59828;44238
16;CHARENTE;62478;45105
16;CHARENTE;60712;44287
16;CHARENTE;69323;52534
16;CHARENTE;62597;45862
17;CHARENTE-MARITIME;87203;63510
17;CHARENTE-MARITIME;83067;60442
17;CHARENTE-MARITIME;76317;56533
17;CHARENTE-MARITIME;81816;59317
17;CHARENTE-MARITIME;89453;65400
18;CHER;74038;54567
18;CHER;68635;49164
18;CHER;85447;63579
19;CORREZE;65503;52965
19;CORREZE;66201;51323
19;CORREZE;52563;42457
2A;CORSE-DU-SUD;41203;25132
2A;CORSE-DU-SUD;45323;26318
2B;HAUTE-CORSE;47662;28296
2B;HAUTE-CORSE;57112;32391
21;COTE-D'OR;63078;48938
21;COTE-D'OR;58355;44424
21;COTE-D'OR;63103;47017
21;COTE-D'OR;68376;51456
21;COTE-D'OR;77406;57613
22;COTES-D'ARMOR;83571;62177
22;COTES-D'ARMOR;85855;66652
22;COTES-D'ARMOR;83167;64904
22;COTES-D'ARMOR;79029;61006
22;COTES-D'ARMOR;97234;73216
23;CREUSE;51306;36945
23;CREUSE;50506;36926
24;DORDOGNE;72746;53988
24;DORDOGNE;77272;57910
24;DORDOGNE;71069;55706
24;DORDOGNE;82904;64242
25;DOUBS;65257;49569
25;DOUBS;69619;53303
25;DOUBS;64196;49161
25;DOUBS;65407;49202
25;DOUBS;70239;55140
26;DROME;68023;48987
26;DROME;74048;55323
26;DROME;90111;69719
26;DROME;77375;57125
27;EURE;78277;57273
27;EURE;70198;52776
27;EURE;73293;55552
27;EURE;77105;56811
27;EURE;79537;58463
28;EURE-ET-LOIR;78646;58832
28;EURE-ET-LOIR;64741;46074
28;EURE-ET-LOIR;69187;50550
28;EURE-ET-LOIR;65549;49850
29;FINISTERE;79058;60783
29;FINISTERE;67774;48131
29;FINISTERE;86443;64458
29;FINISTERE;78517;59272
29;FINISTERE;84284;64819
29;FINISTERE;85544;65630
29;FINISTERE;76520;56595
29;FINISTERE;77611;56866
30;GARD;76829;53157
30;GARD;102007;75432
30;GARD;102913;78829
30;GARD;79606;59789
30;GARD;84205;63877
31;HAUTE-GARONNE;63317;44925
31;HAUTE-GARONNE;99386;75763
31;HAUTE-GARONNE;78572;61040
31;HAUTE-GARONNE;49853;35313
31;HAUTE-GARONNE;119332;92199
31;HAUTE-GARONNE;112518;86625
31;HAUTE-GARONNE;107718;85499
31;HAUTE-GARONNE;79109;58457
32;GERS;70109;53873
32;GERS;65314;50810
33;GIRONDE;72325;50300
33;GIRONDE;51592;34512
33;GIRONDE;64552;45203
33;GIRONDE;76681;53701
33;GIRONDE;85992;62405
33;GIRONDE;79685;57899
33;GIRONDE;90237;63995
33;GIRONDE;105306;77140
33;GIRONDE;90934;67594
33;GIRONDE;74155;53878
33;GIRONDE;75993;55132
34;HERAULT;67078;48944
34;HERAULT;57229;41526
34;HERAULT;114134;86383
34;HERAULT;118608;91229
34;HERAULT;88280;66823
34;HERAULT;79999;57574
34;HERAULT;107131;77693
35;ILLE-ET-VILAINE;71509;50135
35;ILLE-ET-VILAINE;89610;66441
35;ILLE-ET-VILAINE;83128;62015
35;ILLE-ET-VILAINE;98627;74656
35;ILLE-ET-VILAINE;108582;82528
35;ILLE-ET-VILAINE;73954;55958
35;ILLE-ET-VILAINE;92919;68332
36;INDRE;55247;40540
36;INDRE;64244;48356
36;INDRE;57187;43812
37;INDRE-ET-LOIRE;53448;36206
37;INDRE-ET-LOIRE;84893;63991
37;INDRE-ET-LOIRE;87546;66325
37;INDRE-ET-LOIRE;81887;60143
37;INDRE-ET-LOIRE;73356;55021
38;ISERE;74137;55381
38;ISERE;65573;48628
38;ISERE;53980;39338
38;ISERE;77560;57931
38;ISERE;82863;62033
38;ISERE;92294;66555
38;ISERE;88209;64878
38;ISERE;93566;68453
38;ISERE;80083;59453
39;JURA;62561;47186
39;JURA;53567;39888
39;JURA;65219;50501
40;LANDES;84114;62280
40;LANDES;95595;70618
40;LANDES;79227;61000
41;LOIR-ET-CHER;86602;64060
41;LOIR-ET-CHER;76762;57701
41;LOIR-ET-CHER;69292;52862
42;LOIRE;66150;46560
42;LOIRE;50185;34170
42;LOIRE;74809;54768
42;LOIRE;66877;48351
42;LOIRE;68234;49324
42;LOIRE;65385;49482
42;LOIRE;92336;69674
43;HAUTE-LOIRE;87549;67520
43;HAUTE-LOIRE;78798;58960
44;LOIRE-ATLANTIQUE;68651;48610
44;LOIRE-ATLANTIQUE;75939;52339
44;LOIRE-ATLANTIQUE;80839;57418
44;LOIRE-ATLANTIQUE;73829;53794
44;LOIRE-ATLANTIQUE;103867;79257
44;LOIRE-ATLANTIQUE;70878;54365
44;LOIRE-ATLANTIQUE;94368;71223
44;LOIRE-ATLANTIQUE;71971;51580
44;LOIRE-ATLANTIQUE;85937;65938
44;LOIRE-ATLANTIQUE;88306;68499
45;LOIRET;77344;58476
45;LOIRET;77104;57301
45;LOIRET;82986;62685
45;LOIRET;88428;64900
45;LOIRET;83447;63350
46;LOT;65545;51022
46;LOT;62632;48939
47;LOT-ET-GARONNE;80041;60116
47;LOT-ET-GARONNE;75483;56348
47;LOT-ET-GARONNE;73498;54887
48;LOZERE;31336;23873
48;LOZERE;27528;21644
49;MAINE-ET-LOIRE;75012;55262
49;MAINE-ET-LOIRE;79786;60085
49;MAINE-ET-LOIRE;64138;47257
49;MAINE-ET-LOIRE;68497;51000
49;MAINE-ET-LOIRE;70313;52600
49;MAINE-ET-LOIRE;84256;64944
49;MAINE-ET-LOIRE;68017;51805
50;MANCHE;72157;53459
50;MANCHE;75088;57237
50;MANCHE;73371;53800
50;MANCHE;69401;51752
50;MANCHE;68948;49153
51;MARNE;56111;37859
51;MARNE;64668;46106
51;MARNE;62665;43965
51;MARNE;59207;41289
51;MARNE;62176;46429
51;MARNE;67250;47332
52;HAUTE-MARNE;76967;56431
52;HAUTE-MARNE;66668;47273
53;MAYENNE;78834;58477
53;MAYENNE;64973;48354
53;MAYENNE;70209;53266
54;MEURTHE-ET-MOSELLE;48280;33546
54;MEURTHE-ET-MOSELLE;74595;54186
54;MEURTHE-ET-MOSELLE;56365;39685
54;MEURTHE-ET-MOSELLE;74720;54078
54;MEURTHE-ET-MOSELLE;70847;52953
54;MEURTHE-ET-MOSELLE;75042;52948
54;MEURTHE-ET-MOSELLE;69613;45815
55;MEUSE;78523;58406
55;MEUSE;60449;43345
56;MORBIHAN;93082;71296
56;MORBIHAN;83335;62639
56;MORBIHAN;77267;59717
56;MORBIHAN;82188;63408
56;MORBIHAN;79736;54220
56;MORBIHAN;83330;62646
57;MOSELLE;70425;48465
57;MOSELLE;71459;50369
57;MOSELLE;69178;47594
57;MOSELLE;67820;49800
57;MOSELLE;73627;50467
57;MOSELLE;72059;47033
57;MOSELLE;76638;54106
57;MOSELLE;71957;50611
57;MOSELLE;70465;47550
57;MOSELLE;68671;45123
58;NIEVRE;55242;39118
58;NIEVRE;59778;43760
58;NIEVRE;55376;40257
59;NORD;58052;35665
59;NORD;70640;48908
59;NORD;59664;39860
59;NORD;69461;49797
59;NORD;83291;60534
59;NORD;76773;59996
59;NORD;68051;45350
59;NORD;67665;42938
59;NORD;64901;45757
59;NORD;73981;49630
59;NORD;84058;61102
59;NORD;69506;49998
59;NORD;64664;47096
59;NORD;71307;56163
59;NORD;71122;53588
59;NORD;79672;57535
59;NORD;72984;52243
59;NORD;77499;57367
59;NORD;77833;55332
59;NORD;80035;55525
59;NORD;74870;53050
59;NORD;73979;55820
59;NORD;66881;45831
59;NORD;64378;45116
60;OISE;74714;56119
60;OISE;79550;59786
60;OISE;64620;46276
60;OISE;83104;60727
60;OISE;65759;48419
60;OISE;69356;51586
60;OISE;69741;51006
61;ORNE;71278;53105
61;ORNE;69412;51505
61;ORNE;73525;54767
62;PAS-DE-CALAIS;77656;60860
62;PAS-DE-CALAIS;73499;57730
62;PAS-DE-CALAIS;72908;59519
62;PAS-DE-CALAIS;76579;57137
62;PAS-DE-CALAIS;62776;44317
62;PAS-DE-CALAIS;70390;49434
62;PAS-DE-CALAIS;80990;56564
62;PAS-DE-CALAIS;67105;51186
62;PAS-DE-CALAIS;79494;58588
62;PAS-DE-CALAIS;71949;50245
62;PAS-DE-CALAIS;91685;66952
62;PAS-DE-CALAIS;77471;53498
62;PAS-DE-CALAIS;71441;49337
62;PAS-DE-CALAIS;73902;51172
63;PUY-DE-DOME;58427;42120
63;PUY-DE-DOME;72483;54268
63;PUY-DE-DOME;71434;53612
63;PUY-DE-DOME;73539;55532
63;PUY-DE-DOME;64886;47445
63;PUY-DE-DOME;84733;64573
64;PYRENEES-ATLANTIQUES;64754;46489
64;PYRENEES-ATLANTIQUES;69234;52623
64;PYRENEES-ATLANTIQUES;76502;57563
64;PYRENEES-ATLANTIQUES;78788;58102
64;PYRENEES-ATLANTIQUES;76319;53786
64;PYRENEES-ATLANTIQUES;84907;59052
65;HAUTES-PYRENEES;59082;43724
65;HAUTES-PYRENEES;59940;45502
65;HAUTES-PYRENEES;50113;37757
66;PYRENEES-ORIENTALES;58655;42006
66;PYRENEES-ORIENTALES;85412;63060
66;PYRENEES-ORIENTALES;61544;43704
66;PYRENEES-ORIENTALES;80369;59627
67;BAS-RHIN;48337;35329
67;BAS-RHIN;47875;33916
67;BAS-RHIN;60975;42778
67;BAS-RHIN;106148;79433
67;BAS-RHIN;92710;68950
67;BAS-RHIN;75073;57031
67;BAS-RHIN;78472;58647
67;BAS-RHIN;67810;49991
67;BAS-RHIN;97412;72675
68;HAUT-RHIN;67857;49294
68;HAUT-RHIN;71388;54551
68;HAUT-RHIN;78214;60309
68;HAUT-RHIN;68554;49783
68;HAUT-RHIN;51186;35604
68;HAUT-RHIN;70361;50162
68;HAUT-RHIN;70885;53565
69;RHONE;54267;40726
69;RHONE;62217;46763
69;RHONE;56742;42835
69;RHONE;63210;48804
69;RHONE;78550;59002
69;RHONE;63627;44729
69;RHONE;53169;37157
69;RHONE;76305;58048
69;RHONE;72401;53103
69;RHONE;81215;63048
69;RHONE;73008;54996
69;RHONE;68450;50870
69;RHONE;82832;60469
69;RHONE;46413;31280
70;HAUTE-SAONE;61895;47853
70;HAUTE-SAONE;61116;46695
70;HAUTE-SAONE;51497;38615
71;SAONE-ET-LOIRE;62997;46118
71;SAONE-ET-LOIRE;64453;47551
71;SAONE-ET-LOIRE;67664;49479
71;SAONE-ET-LOIRE;61193;43771
71;SAONE-ET-LOIRE;62066;44717
71;SAONE-ET-LOIRE;80445;59407
72;SARTHE;67938;49407
72;SARTHE;79213;55667
72;SARTHE;80765;58879
72;SARTHE;73657;53797
72;SARTHE;83824;60726
73;SAVOIE;97521;72306
73;SAVOIE;78907;57273
73;SAVOIE;88633;65434
74;HAUTE-SAVOIE;91951;68797
74;HAUTE-SAVOIE;77101;57000
74;HAUTE-SAVOIE;77536;55235
74;HAUTE-SAVOIE;80258;56994
74;HAUTE-SAVOIE;94603;68368
75;PARIS;54151;38416
75;PARIS;49657;35332
75;PARIS;40310;28663
75;PARIS;50194;35068
75;PARIS;40458;28136
75;PARIS;54813;38523
75;PARIS;55247;39265
75;PARIS;63588;45022
75;PARIS;53111;36858
75;PARIS;57653;40776
75;PARIS;53298;37673
75;PARIS;60356;43103
75;PARIS;63165;45124
75;PARIS;45047;31853
75;PARIS;37431;25897
75;PARIS;48855;34480
75;PARIS;47915;32863
75;PARIS;48343;33677
75;PARIS;39865;26950
75;PARIS;54604;37619
75;PARIS;63359;43732
76;SEINE-MARITIME;54993;39697
76;SEINE-MARITIME;82844;62482
76;SEINE-MARITIME;54174;38996
76;SEINE-MARITIME;69702;50649
76;SEINE-MARITIME;85184;63893
76;SEINE-MARITIME;75596;54798
76;SEINE-MARITIME;57928;40854
76;SEINE-MARITIME;52459;34165
76;SEINE-MARITIME;80882;61103
76;SEINE-MARITIME;80612;61808
76;SEINE-MARITIME;73006;54188
76;SEINE-MARITIME;70279;53424
77;SEINE-ET-MARNE;80889;53453
77;SEINE-ET-MARNE;71724;50618
77;SEINE-ET-MARNE;70731;48208
77;SEINE-ET-MARNE;76396;54031
77;SEINE-ET-MARNE;81049;54987
77;SEINE-ET-MARNE;74109;50666
77;SEINE-ET-MARNE;81093;52061
77;SEINE-ET-MARNE;91989;61126
77;SEINE-ET-MARNE;93838;63051
78;YVELINES;82476;57550
78;YVELINES;73140;50339
78;YVELINES;64596;43976
78;YVELINES;69023;47067
78;YVELINES;63393;42912
78;YVELINES;55449;37120
78;YVELINES;68350;46769
78;YVELINES;59158;41300
78;YVELINES;78167;55671
78;YVELINES;94555;66684
78;YVELINES;51938;33911
78;YVELINES;65152;44586
79;DEUX-SEVRES;59898;44752
79;DEUX-SEVRES;70199;53088
79;DEUX-SEVRES;61344;46868
79;DEUX-SEVRES;69496;52495
80;SOMME;57427;40700
80;SOMME;61775;44956
80;SOMME;67755;53756
80;SOMME;71933;55126
80;SOMME;65019;49406
80;SOMME;76103;58912
81;TARN;56021;43483
81;TARN;73968;56994
81;TARN;58135;44826
81;TARN;73481;58402
82;TARN-ET-GARONNE;75939;59187
82;TARN-ET-GARONNE;77887;60432
83;VAR;49547;33636
83;VAR;53129;36558
83;VAR;102951;74389
83;VAR;105837;78033
83;VAR;94715;69231
83;VAR;138380;103327
83;VAR;100756;69566
84;VAUCLUSE;67977;49375
84;VAUCLUSE;109944;83194
84;VAUCLUSE;88890;67490
84;VAUCLUSE;76070;59018
85;VENDEE;86663;65722
85;VENDEE;83093;63681
85;VENDEE;96411;70496
85;VENDEE;85266;67802
85;VENDEE;76456;57747
86;VIENNE;76161;57824
86;VIENNE;68846;52422
86;VIENNE;67765;51713
86;VIENNE;74161;54032
87;HAUTE-VIENNE;52014;39422
87;HAUTE-VIENNE;72594;57032
87;HAUTE-VIENNE;66367;50674
87;HAUTE-VIENNE;70277;54123
88;VOSGES;75220;53937
88;VOSGES;73238;52459
88;VOSGES;65973;49650
88;VOSGES;68744;51132
89;YONNE;75811;56039
89;YONNE;72421;53223
89;YONNE;87455;64017
90;TERRITOIRE DE BELFORT;43782;33318
90;TERRITOIRE DE BELFORT;45862;35149
91;ESSONNE;59939;39739
91;ESSONNE;75545;53328
91;ESSONNE;86388;60369
91;ESSONNE;76203;52504
91;ESSONNE;60534;42192
91;ESSONNE;67313;45794
91;ESSONNE;65197;44223
91;ESSONNE;67959;45261
91;ESSONNE;68291;45842
91;ESSONNE;54337;35602
92;HAUTS-DE-SEINE;52900;32857
92;HAUTS-DE-SEINE;52029;35455
92;HAUTS-DE-SEINE;69037;47740
92;HAUTS-DE-SEINE;59689;39230
92;HAUTS-DE-SEINE;58109;39886
92;HAUTS-DE-SEINE;57927;41014
92;HAUTS-DE-SEINE;77828;50722
92;HAUTS-DE-SEINE;63484;42755
92;HAUTS-DE-SEINE;52677;36599
92;HAUTS-DE-SEINE;56253;39326
92;HAUTS-DE-SEINE;59139;38904
92;HAUTS-DE-SEINE;77848;52332
92;HAUTS-DE-SEINE;77946;54969
93;SEINE-SAINT-DENIS;42468;26589
93;SEINE-SAINT-DENIS;44256;27154
93;SEINE-SAINT-DENIS;40076;25109
93;SEINE-SAINT-DENIS;41415;25569
93;SEINE-SAINT-DENIS;47598;30159
93;SEINE-SAINT-DENIS;52628;34558
93;SEINE-SAINT-DENIS;43872;27241
93;SEINE-SAINT-DENIS;55661;36852
93;SEINE-SAINT-DENIS;48347;31838
93;SEINE-SAINT-DENIS;47141;30258
93;SEINE-SAINT-DENIS;51443;33492
93;SEINE-SAINT-DENIS;55806;37107
93;SEINE-SAINT-DENIS;60186;40539
94;VAL-DE-MARNE;50181;34950
94;VAL-DE-MARNE;56939;38460
94;VAL-DE-MARNE;62475;42068
94;VAL-DE-MARNE;63864;44105
94;VAL-DE-MARNE;56638;36978
94;VAL-DE-MARNE;68804;46274
94;VAL-DE-MARNE;52344;35818
94;VAL-DE-MARNE;54376;37430
94;VAL-DE-MARNE;46320;29768
94;VAL-DE-MARNE;53791;35431
94;VAL-DE-MARNE;51675;32849
94;VAL-DE-MARNE;58878;38779
95;VAL-D'OISE;69667;49491
95;VAL-D'OISE;98208;68178
95;VAL-D'OISE;75572;50567
95;VAL-D'OISE;68566;45113
95;VAL-D'OISE;55459;36360
95;VAL-D'OISE;63271;42320
95;VAL-D'OISE;72870;49804
95;VAL-D'OISE;42903;27848
95;VAL-D'OISE;57793;38977
971;GUADELOUPE;58825;19959
971;GUADELOUPE;79415;25141
971;GUADELOUPE;73299;26735
971;GUADELOUPE;66534;23505
972;MARTINIQUE;56883;21534
972;MARTINIQUE;58883;22588
972;MARTINIQUE;55765;20211
972;MARTINIQUE;94698;29919
973;GUYANE;19564;9139
973;GUYANE;32223;15077
974;LA REUNION;71555;40118
974;LA REUNION;91721;48803
974;LA REUNION;106703;64610
974;LA REUNION;80231;47802
974;LA REUNION;86975;44721
975;SAINT-PIERRE-ET-MIQUELON;4813;2020
985;MAYOTTE;52218;21525
986;WALLIS ET FUTUNA;9353;6027
987;POLYNESIE FRANCAISE;151505;78890
988;NOUVELLE-CALEDONIE;126985;62551