Code_departement;departement;Inscrits;Votants
1;AIN;86218;74541
1;AIN;92002;77695
1;AIN;85426;72431
1;AIN;109309;94851
2;AISNE;72174;61107
2;AISNE;74478;63081
2;AISNE;72022;60271
2;AISNE;79062;65245
2;AISNE;79619;67687
3;ALLIER;58138;49404
3;ALLIER;66196;55366
3;ALLIER;70574;61049
3;ALLIER;64595;54858
4;ALPES-DE-HAUTE-PROVENCE;58319;50885
4;ALPES-DE-HAUTE-PROVENCE;60609;52903
5;HAUTES-ALPES;57418;50072
5;HAUTES-ALPES;45634;39622
6;ALPES-MARITIMES;57411;47239
6;ALPES-MARITIMES;60941;50353
6;ALPES-MARITIMES;69199;57487
6;ALPES-MARITIMES;72370;59581
6;ALPES-MARITIMES;86216;73578
6;ALPES-MARITIMES;106189;90000
6;ALPES-MARITIMES;97187;82420
6;ALPES-MARITIMES;66978;56530
6;ALPES-MARITIMES;105421;89577
7;ARDECHE;73564;63458
7;ARDECHE;88735;76798
7;ARDECHE;73245;63678
8;ARDENNES;73296;61336
8;ARDENNES;66014;53797
8;ARDENNES;59794;50300
9;ARIEGE;55749;48613
9;ARIEGE;58042;50947
10;AUBE;57810;48721
10;AUBE;73089;61588
10;AUBE;73836;61455
11;AUDE;69995;60978
11;AUDE;110349;94268
11;AUDE;74040;65055
12;AVEYRON;74333;66078
12;AVEYRON;71642;62521
12;AVEYRON;71880;63989
13;BOUCHES-DU-RHONE;59951;50352
13;BOUCHES-DU-RHONE;64651;55366
13;BOUCHES-DU-RHONE;46090;38062
13;BOUCHES-DU-RHONE;47760;38343
13;BOUCHES-DU-RHONE;53743;44786
13;BOUCHES-DU-RHONE;69617;58967
13;BOUCHES-DU-RHONE;51771;42016
13;BOUCHES-DU-RHONE;73717;62252
13;BOUCHES-DU-RHONE;88934;76098
13;BOUCHES-DU-RHONE;123223;104987
13;BOUCHES-DU-RHONE;99242;85530
13;BOUCHES-DU-RHONE;108673;91811
13;BOUCHES-DU-RHONE;88941;75611
13;BOUCHES-DU-RHONE;100698;86561
13;BOUCHES-DU-RHONE;99621;86592
13;BOUCHES-DU-RHONE;84176;72033
14;CALVADOS;70451;61105
14;CALVADOS;67114;57075
14;CALVADOS;74185;62377
14;CALVADOS;81436;69542
14;CALVADOS;101042;87072
14;CALVADOS;88447;77222
15;CANTAL;64685;56396
15;CANTAL;58637;50222
16;CHARENTE;63439;53759
16;CHARENTE;62257;52976
16;CHARENTE;69008;59935
16;CHARENTE;65091;55674
17;CHARENTE-MARITIME;95894;82384
17;CHARENTE-MARITIME;92023;78925
17;CHARENTE-MARITIME;79607;68248
17;CHARENTE-MARITIME;85646;73101
17;CHARENTE-MARITIME;100227;85621
18;CHER;74856;62292
18;CHER;69999;58077
18;CHER;87385;73267
19;CORREZE;65870;58970
19;CORREZE;69427;59789
19;CORREZE;51882;45769
2A;CORSE-SUD;44841;34901
2A;CORSE-SUD;49713;39096
2B;HAUTE-CORSE;51480;41112
2B;HAUTE-CORSE;60395;47112
21;COTE-D'OR;66707;58679
21;COTE-D'OR;64123;55543
21;COTE-D'OR;68309;58613
21;COTE-D'OR;69307;59703
21;COTE-D'OR;81095;69657
22;COTES-D'ARMOR;88187;76946
22;COTES-D'ARMOR;91006;81062
22;COTES-D'ARMOR;85413;76219
22;COTES-D'ARMOR;79738;70606
22;COTES-D'ARMOR;101406;89209
23;CREUSE;50854;43125
23;CREUSE;48937;41632
24;DORDOGNE;74517;65147
24;DORDOGNE;78798;69384
24;DORDOGNE;70242;62748
24;DORDOGNE;85444;76470
25;DOUBS;71077;61753
25;DOUBS;74861;65168
25;DOUBS;65821;56621
25;DOUBS;67286;57237
25;DOUBS;74109;65464
26;DROME;72924;61090
26;DROME;88129;75689
26;DROME;91771;80650
26;DROME;85296;73347
27;EURE;83092;70467
27;EURE;74541;64340
27;EURE;78058;66995
27;EURE;83199;70299
27;EURE;84801;71315
28;EURE-ET-LOIR;85106;72504
28;EURE-ET-LOIR;69918;58530
28;EURE-ET-LOIR;71079;59866
28;EURE-ET-LOIR;67741;58103
29;FINISTERE;84244;75000
29;FINISTERE;71163;60137
29;FINISTERE;92124;80097
29;FINISTERE;82160;72379
29;FINISTERE;88432;78314
29;FINISTERE;88476;77621
29;FINISTERE;79066;68615
29;FINISTERE;81689;70801
30;GARD;82509;69371
30;GARD;114092;98640
30;GARD;113529;98257
30;GARD;85273;73357
30;GARD;93417;81674
31;HAUTE-GARONNE;69255;57188
31;HAUTE-GARONNE;110049;95716
31;HAUTE-GARONNE;84799;73957
31;HAUTE-GARONNE;54782;45229
31;HAUTE-GARONNE;137660;120622
31;HAUTE-GARONNE;129199;112792
31;HAUTE-GARONNE;121000;107785
31;HAUTE-GARONNE;82668;71102
32;GERS;71970;63957
32;GERS;68313;60615
33;GIRONDE;81750;69458
33;GIRONDE;59375;49809
33;GIRONDE;71695;61611
33;GIRONDE;82368;69992
33;GIRONDE;95249;82769
33;GIRONDE;88649;78671
33;GIRONDE;95984;84921
33;GIRONDE;118827;103854
33;GIRONDE;98581;86810
33;GIRONDE;78387;67816
33;GIRONDE;82784;71171
34;HERAULT;75884;63775
34;HERAULT;66246;55393
34;HERAULT;125043;109156
34;HERAULT;133607;116967
34;HERAULT;95553;82631
34;HERAULT;84024;70701
34;HERAULT;119298;101564
35;ILLE-ET-VILAINE;73836;63489
35;ILLE-ET-VILAINE;97434;85970
35;ILLE-ET-VILAINE;90801;80592
35;ILLE-ET-VILAINE;109175;95690
35;ILLE-ET-VILAINE;118160;104095
35;ILLE-ET-VILAINE;77724;68151
35;ILLE-ET-VILAINE;98547;84301
36;INDRE;56103;47299
36;INDRE;64601;55365
36;INDRE;56627;48695
37;INDRE-ET-LOIRE;53985;45173
37;INDRE-ET-LOIRE;91711;79677
37;INDRE-ET-LOIRE;92162;79820
37;INDRE-ET-LOIRE;86132;74023
37;INDRE-ET-LOIRE;77758;67534
38;ISERE;78173;67603
38;ISERE;72546;62681
38;ISERE;59660;50422
38;ISERE;85031;73287
38;ISERE;92610;80100
38;ISERE;105696;89153
38;ISERE;99759;85175
38;ISERE;102167;86560
38;ISERE;88546;76111
39;JURA;64382;55389
39;JURA;55251;47333
39;JURA;67540;59070
40;LANDES;92648;80442
40;LANDES;107285;93606
40;LANDES;83055;74105
41;LOIR-ET-CHER;90134;76736
41;LOIR-ET-CHER;79813;67839
41;LOIR-ET-CHER;70637;60935
42;LOIRE;68527;56988
42;LOIRE;49819;40394
42;LOIRE;78767;66831
42;LOIRE;68977;57385
42;LOIRE;68973;58623
42;LOIRE;69283;59658
42;LOIRE;101567;87009
43;HAUTE-LOIRE;92984;80733
43;HAUTE-LOIRE;80278;69152
44;LOIRE-ATLANTIQUE;72030;60840
44;LOIRE-ATLANTIQUE;81686;67699
44;LOIRE-ATLANTIQUE;86365;72807
44;LOIRE-ATLANTIQUE;79128;67864
44;LOIRE-ATLANTIQUE;114279;100736
44;LOIRE-ATLANTIQUE;77054;67375
44;LOIRE-ATLANTIQUE;105271;91959
44;LOIRE-ATLANTIQUE;78693;66976
44;LOIRE-ATLANTIQUE;99030;87085
44;LOIRE-ATLANTIQUE;98694;88522
45;LOIRET;82066;70980
45;LOIRET;81254;68900
45;LOIRET;89380;76766
45;LOIRET;93370;78391
45;LOIRET;89505;76739
46;LOT;68517;61018
46;LOT;64368;57581
47;LOT-ET-GARONNE;85528;74900
47;LOT-ET-GARONNE;77433;67125
47;LOT-ET-GARONNE;75991;66287
48;LOZERE;32072;27935
48;LOZERE;27918;24903
49;MAINE-ET-LOIRE;79136;68487
49;MAINE-ET-LOIRE;85081;74250
49;MAINE-ET-LOIRE;67569;57991
49;MAINE-ET-LOIRE;72003;61949
49;MAINE-ET-LOIRE;73950;64412
49;MAINE-ET-LOIRE;89734;79215
49;MAINE-ET-LOIRE;72475;63161
50;MANCHE;74295;63936
50;MANCHE;75889;65901
50;MANCHE;76733;65534
50;MANCHE;73108;62763
50;MANCHE;71765;60469
51;MARNE;57288;45706
51;MARNE;67065;55698
51;MARNE;65361;53794
51;MARNE;61012;49256
51;MARNE;63721;53834
51;MARNE;67846;55364
52;HAUTE-MARNE;76222;64417
52;HAUTE-MARNE;66123;54578
53;MAYENNE;81338;70344
53;MAYENNE;66819;57734
53;MAYENNE;71794;62394
54;MEURTHE-ET-MOSELLE;52447;43027
54;MEURTHE-ET-MOSELLE;77910;65797
54;MEURTHE-ET-MOSELLE;57968;47962
54;MEURTHE-ET-MOSELLE;77708;64968
54;MEURTHE-ET-MOSELLE;75132;63992
54;MEURTHE-ET-MOSELLE;78139;64886
54;MEURTHE-ET-MOSELLE;70872;57296
55;MEUSE;79818;68206
55;MEUSE;61409;51163
56;MORBIHAN;104020;91563
56;MORBIHAN;92848;81097
56;MORBIHAN;83221;73232
56;MORBIHAN;87080;76187
56;MORBIHAN;80870;67784
56;MORBIHAN;86865;76128
57;MOSELLE;74012;59911
57;MOSELLE;75092;61750
57;MOSELLE;72365;58629
57;MOSELLE;69711;58821
57;MOSELLE;75202;61407
57;MOSELLE;73096;57586
57;MOSELLE;79660;65421
57;MOSELLE;76200;63470
57;MOSELLE;73231;59625
57;MOSELLE;70354;56110
58;NIEVRE;55428;46254
58;NIEVRE;60488;51438
58;NIEVRE;53425;45476
59;NORD;58097;46026
59;NORD;72921;60202
59;NORD;63397;51321
59;NORD;72343;60554
59;NORD;87827;73043
59;NORD;80704;70520
59;NORD;70496;56125
59;NORD;71343;55108
59;NORD;69327;56184
59;NORD;77870;61928
59;NORD;86492;71992
59;NORD;70101;56895
59;NORD;64688;54677
59;NORD;74009;63823
59;NORD;73966;61744
59;NORD;82095;67573
59;NORD;74902;61139
59;NORD;79294;65263
59;NORD;80004;64610
59;NORD;82413;65529
59;NORD;78432;62778
59;NORD;74956;63138
59;NORD;66119;53539
59;NORD;64809;52566
60;OISE;79094;67455
60;OISE;83721;71458
60;OISE;69503;58295
60;OISE;88152;74392
60;OISE;69417;58454
60;OISE;73352;61470
60;OISE;73407;61783
61;ORNE;72269;61766
61;ORNE;70277;59503
61;ORNE;73804;63203
62;PAS-DE-CALAIS;79605;69265
62;PAS-DE-CALAIS;76218;66378
62;PAS-DE-CALAIS;75221;66904
62;PAS-DE-CALAIS;78707;67046
62;PAS-DE-CALAIS;64612;53668
62;PAS-DE-CALAIS;73432;60933
62;PAS-DE-CALAIS;85525;70112
62;PAS-DE-CALAIS;68900;58448
62;PAS-DE-CALAIS;80780;67515
62;PAS-DE-CALAIS;72349;57692
62;PAS-DE-CALAIS;96373;79779
62;PAS-DE-CALAIS;78791;62341
62;PAS-DE-CALAIS;72412;57089
62;PAS-DE-CALAIS;75477;60091
63;PUY-DE-DOME;61187;51633
63;PUY-DE-DOME;76278;66465
63;PUY-DE-DOME;73998;64001
63;PUY-DE-DOME;77463;68002
63;PUY-DE-DOME;66157;56798
63;PUY-DE-DOME;88091;77573
64;PYRENEES-ATLANTIQUES;67896;59009
64;PYRENEES-ATLANTIQUES;73812;65202
64;PYRENEES-ATLANTIQUES;79816;70659
64;PYRENEES-ATLANTIQUES;80042;69808
64;PYRENEES-ATLANTIQUES;82511;70311
64;PYRENEES-ATLANTIQUES;90945;76934
65;HAUTES-PYRENEES;60035;52216
65;HAUTES-PYRENEES;62949;54755
65;HAUTES-PYRENEES;53264;45635
66;PYRENEES-ORIENTALES;65747;54912
66;PYRENEES-ORIENTALES;96336;83004
66;PYRENEES-ORIENTALES;65504;54870
66;PYRENEES-ORIENTALES;87218;75202
67;BAS-RHIN;51298;42673
67;BAS-RHIN;50782;41427
67;BAS-RHIN;66254;54325
67;BAS-RHIN;113576;96003
67;BAS-RHIN;98516;82647
67;BAS-RHIN;80460;68250
67;BAS-RHIN;82495;68790
67;BAS-RHIN;70254;58055
67;BAS-RHIN;103936;87507
68;HAUT-RHIN;71461;59107
68;HAUT-RHIN;74608;63461
68;HAUT-RHIN;82838;71150
68;HAUT-RHIN;72226;60704
68;HAUT-RHIN;54431;43397
68;HAUT-RHIN;74542;61258
68;HAUT-RHIN;76738;64958
69;RHONE;63170;53189
69;RHONE;70624;59975
69;RHONE;66548;56009
69;RHONE;74159;63322
69;RHONE;83190;72618
69;RHONE;73849;61525
69;RHONE;60248;49769
69;RHONE;81913;71092
69;RHONE;80423;68327
69;RHONE;89399;78623
69;RHONE;79846;69458
69;RHONE;73659;63137
69;RHONE;90839;76897
69;RHONE;50055;40974
70;HAUTE-SAONE;63838;55690
70;HAUTE-SAONE;63912;55218
70;HAUTE-SAONE;51677;44410
71;SAONE-ET-LOIRE;67105;56737
71;SAONE-ET-LOIRE;64327;54693
71;SAONE-ET-LOIRE;66579;56684
71;SAONE-ET-LOIRE;61717;51091
71;SAONE-ET-LOIRE;64194;52964
71;SAONE-ET-LOIRE;84922;72648
72;SARTHE;71189;60311
72;SARTHE;81952;67948
72;SARTHE;83862;71079
72;SARTHE;77745;65672
72;SARTHE;86570;73314
73;SAVOIE;108344;92434
73;SAVOIE;84402;71119
73;SAVOIE;95423;81641
74;HAUTE-SAVOIE;103361;89205
74;HAUTE-SAVOIE;86015;73298
74;HAUTE-SAVOIE;85974;71950
74;HAUTE-SAVOIE;91822;76892
74;HAUTE-SAVOIE;105686;88898
75;PARIS;61448;52900
75;PARIS;52074;45905
75;PARIS;42425;37135
75;PARIS;57944;50184
75;PARIS;48582;41572
75;PARIS;64970;56131
75;PARIS;62752;54394
75;PARIS;69757;60560
75;PARIS;60959;52321
75;PARIS;63946;56058
75;PARIS;58937;51080
75;PARIS;66041;57318
75;PARIS;69464;59888
75;PARIS;49205;43008
75;PARIS;41965;36561
75;PARIS;54015;47110
75;PARIS;55590;47278
75;PARIS;55189;47162
75;PARIS;47497;39959
75;PARIS;65110;55460
75;PARIS;74361;63548
76;SEINE-MARITIME;60564;50306
76;SEINE-MARITIME;87193;75453
76;SEINE-MARITIME;56751;48048
76;SEINE-MARITIME;72247;60978
76;SEINE-MARITIME;88817;75729
76;SEINE-MARITIME;78977;65239
76;SEINE-MARITIME;58583;48037
76;SEINE-MARITIME;52034;40292
76;SEINE-MARITIME;85233;73302
76;SEINE-MARITIME;84647;73810
76;SEINE-MARITIME;75383;64169
76;SEINE-MARITIME;73194;62908
77;SEINE-ET-MARNE;87983;73940
77;SEINE-ET-MARNE;76761;65341
77;SEINE-ET-MARNE;76082;64891
77;SEINE-ET-MARNE;81959;69639
77;SEINE-ET-MARNE;92323;78107
77;SEINE-ET-MARNE;81492;69363
77;SEINE-ET-MARNE;88110;73909
77;SEINE-ET-MARNE;110448;94238
77;SEINE-ET-MARNE;106737;90931
78;YVELINES;90056;78217
78;YVELINES;75884;65873
78;YVELINES;68262;59344
78;YVELINES;74231;64215
78;YVELINES;69278;58857
78;YVELINES;59298;50293
78;YVELINES;74833;64271
78;YVELINES;66993;56858
78;YVELINES;86082;74361
78;YVELINES;100321;88324
78;YVELINES;57588;48867
78;YVELINES;70875;60665
79;DEUX-SEVRES;64023;55655
79;DEUX-SEVRES;73474;65117
79;DEUX-SEVRES;61656;53928
79;DEUX-SEVRES;69946;61330
80;SOMME;59953;49286
80;SOMME;64070;53975
80;SOMME;68450;59589
80;SOMME;72965;61975
80;SOMME;65973;56085
80;SOMME;78775;68156
81;TARN;57328;50568
81;TARN;79760;70029
81;TARN;59420;52553
81;TARN;79827;70665
82;TARN-ET-GARONNE;81636;71956
82;TARN-ET-GARONNE;84159;73752
83;VAR;50950;41526
83;VAR;56502;46435
83;VAR;111183;95003
83;VAR;120683;103024
83;VAR;107445;91468
83;VAR;162539;139394
83;VAR;107508;89208
84;VAUCLUSE;71036;60094
84;VAUCLUSE;120251;103855
84;VAUCLUSE;96937;83264
84;VAUCLUSE;82475;71010
85;VENDEE;95086;83162
85;VENDEE;91351;80292
85;VENDEE;108128;92648
85;VENDEE;90592;80317
85;VENDEE;79071;68918
86;VIENNE;82616;72173
86;VIENNE;73314;63750
86;VIENNE;67621;58642
86;VIENNE;75688;64210
87;HAUTE-VIENNE;54026;46467
87;HAUTE-VIENNE;73879;65205
87;HAUTE-VIENNE;66084;57617
87;HAUTE-VIENNE;71892;62783
88;VOSGES;76619;64473
88;VOSGES;75511;62282
88;VOSGES;67227;57557
88;VOSGES;69297;58852
89;YONNE;78959;66644
89;YONNE;73643;62152
89;YONNE;92899;77771
90;TERRITOIRE-DE-BELFORT;46463;39626
90;TERRITOIRE-DE-BELFORT;47400;40540
91;ESSONNE;67012;56562
91;ESSONNE;83541;72124
91;ESSONNE;93096;80469
91;ESSONNE;84063;73152
91;ESSONNE;64797;57163
91;ESSONNE;72264;62567
91;ESSONNE;71563;60133
91;ESSONNE;72824;62051
91;ESSONNE;73596;63636
91;ESSONNE;60339;50576
92;HAUTS-DE-SEINE;58741;47474
92;HAUTS-DE-SEINE;61652;52881
92;HAUTS-DE-SEINE;80842;69060
92;HAUTS-DE-SEINE;66352;56553
92;HAUTS-DE-SEINE;67297;57121
92;HAUTS-DE-SEINE;64466;56363
92;HAUTS-DE-SEINE;80987;70594
92;HAUTS-DE-SEINE;66089;56938
92;HAUTS-DE-SEINE;59349;51806
92;HAUTS-DE-SEINE;65530;56467
92;HAUTS-DE-SEINE;65040;55512
92;HAUTS-DE-SEINE;84841;73659
92;HAUTS-DE-SEINE;83872;73044
93;SEINE-SAINT-DENIS;50011;40002
93;SEINE-SAINT-DENIS;49655;40177
93;SEINE-SAINT-DENIS;44629;36128
93;SEINE-SAINT-DENIS;45001;36325
93;SEINE-SAINT-DENIS;53032;42202
93;SEINE-SAINT-DENIS;60515;50353
93;SEINE-SAINT-DENIS;49358;40462
93;SEINE-SAINT-DENIS;60244;50624
93;SEINE-SAINT-DENIS;54873;45375
93;SEINE-SAINT-DENIS;51964;42760
93;SEINE-SAINT-DENIS;58476;48730
93;SEINE-SAINT-DENIS;61448;51751
93;SEINE-SAINT-DENIS;68957;59020
94;VAL-DE-MARNE;54324;47172
94;VAL-DE-MARNE;63841;53879
94;VAL-DE-MARNE;68139;57524
94;VAL-DE-MARNE;69729;59710
94;VAL-DE-MARNE;61358;51640
94;VAL-DE-MARNE;76757;65106
94;VAL-DE-MARNE;58096;49381
94;VAL-DE-MARNE;60963;52055
94;VAL-DE-MARNE;51345;42764
94;VAL-DE-MARNE;60438;49902
94;VAL-DE-MARNE;57155;47415
94;VAL-DE-MARNE;63936;53992
95;VAL-D'OISE;76567;66238
95;VAL-D'OISE;114048;98706
95;VAL-D'OISE;83411;70674
95;VAL-D'OISE;71438;60443
95;VAL-D'OISE;64042;52358
95;VAL-D'OISE;71881;60589
95;VAL-D'OISE;80156;68432
95;VAL-D'OISE;48549;40175
95;VAL-D'OISE;65182;54571
971;GUADELOUPE;62293;39333
971;GUADELOUPE;88414;57396
971;GUADELOUPE;81828;56093
971;GUADELOUPE;70687;45683
972;MARTINIQUE;60680;42114
972;MARTINIQUE;61477;39321
972;MARTINIQUE;61912;39294
972;MARTINIQUE;103449;68396
973;GUYANE;22155;14171
973;GUYANE;40572;25639
974;LA-REUNION;83306;62367
974;LA-REUNION;107565;82502
974;LA-REUNION;126601;101011
974;LA-REUNION;93589;73087
974;LA-REUNION;99972;75515
975;MAYOTTE;64171;30659
985;NOUVELLE-CALEDONIE;146037;99484
986;POLYNESIE-FRANCAISE;167274;125137
987;SAINT-PIERRE-ET-MIQUELON;4923;3683
988;WALLIS-ET-FUTUNA-;11163;7758
99;FRANCAIS-DE-L'ETRANGER;821919;346310