Code_departement;departement;Inscrits;Votants
1;AIN;71777;60679
1;AIN;67721;56920
1;AIN;66719;56052
1;AIN;78793;66711
2;AISNE;69516;60115
2;AISNE;73745;64561
2;AISNE;75593;66506
2;AISNE;76194;64483
2;AISNE;70165;59955
3;ALLIER;58720;49899
3;ALLIER;69715;58503
3;ALLIER;72462;62572
3;ALLIER;65274;55099
4;ALPES-DE-HAUTE-PROVENCE;47317;40933
4;ALPES-DE-HAUTE-PROVENCE;50061;42883
5;HAUTES-ALPES;45393;39551
5;HAUTES-ALPES;36346;31096
6;ALPES-MARITIMES;65970;52727
6;ALPES-MARITIMES;71915;57031
6;ALPES-MARITIMES;71822;57290
6;ALPES-MARITIMES;69986;58876
6;ALPES-MARITIMES;74491;62159
6;ALPES-MARITIMES;77074;64058
6;ALPES-MARITIMES;77457;65288
6;ALPES-MARITIMES;60055;51328
6;ALPES-MARITIMES;79894;67053
7;ARDECHE;64291;55464
7;ARDECHE;75253;64457
7;ARDECHE;63941;55381
8;ARDENNES;69573;59376
8;ARDENNES;64122;53621
8;ARDENNES;60100;51536
9;ARIEGE;53395;45936
9;ARIEGE;54709;47878
10;AUBE;54915;46774
10;AUBE;66670;56597
10;AUBE;70724;58198
11;AUDE;62675;55041
11;AUDE;83901;72687
11;AUDE;70079;62461
12;AVEYRON;66879;59152
12;AVEYRON;75224;65960
12;AVEYRON;70245;62577
13;BOUCHES-DU-RHONE;63519;50900
13;BOUCHES-DU-RHONE;62834;51068
13;BOUCHES-DU-RHONE;58023;43097
13;BOUCHES-DU-RHONE;56612;41011
13;BOUCHES-DU-RHONE;57243;45379
13;BOUCHES-DU-RHONE;62279;51754
13;BOUCHES-DU-RHONE;56528;43314
13;BOUCHES-DU-RHONE;64116;50724
13;BOUCHES-DU-RHONE;72508;61163
13;BOUCHES-DU-RHONE;87913;74598
13;BOUCHES-DU-RHONE;71274;61087
13;BOUCHES-DU-RHONE;79654;66262
13;BOUCHES-DU-RHONE;68007;56562
13;BOUCHES-DU-RHONE;78578;67462
13;BOUCHES-DU-RHONE;71406;61838
13;BOUCHES-DU-RHONE;73654;62351
14;CALVADOS;63584;52578
14;CALVADOS;61303;50378
14;CALVADOS;68179;58237
14;CALVADOS;67254;56910
14;CALVADOS;79320;67483
14;CALVADOS;74623;64599
15;CANTAL;61930;54383
15;CANTAL;63257;54739
16;CHARENTE;61119;51404
16;CHARENTE;60943;52039
16;CHARENTE;71042;62377
16;CHARENTE;58952;50585
17;CHARENTE-MARITIME;74551;62358
17;CHARENTE-MARITIME;72894;60471
17;CHARENTE-MARITIME;75758;64124
17;CHARENTE-MARITIME;79510;67127
17;CHARENTE-MARITIME;78095;65496
18;CHER;73312;62410
18;CHER;67517;56676
18;CHER;84355;72117
19;CORREZE;66704;60371
19;CORREZE;61289;55204
19;CORREZE;58016;52516
2A;CORSE-DU-SUD;42315;32996
2A;CORSE-DU-SUD;49680;37793
2B;HAUTE-CORSE;45535;35056
2B;HAUTE-CORSE;68930;52060
21;COTE-D'OR;58626;50305
21;COTE-D'OR;55941;47468
21;COTE-D'OR;56536;47166
21;COTE-D'OR;68658;59083
21;COTE-D'OR;72936;62357
22;COTES-D'ARMOR;77806;67785
22;COTES-D'ARMOR;81132;72533
22;COTES-D'ARMOR;80716;72813
22;COTES-D'ARMOR;81757;73150
22;COTES-D'ARMOR;91291;79301
23;CREUSE;54574;45566
23;CREUSE;56523;48283
24;DORDOGNE;72083;62942
24;DORDOGNE;75255;66287
24;DORDOGNE;74885;67024
24;DORDOGNE;79657;71151
25;DOUBS;55772;48768
25;DOUBS;63173;55428
25;DOUBS;61437;53301
25;DOUBS;64222;53439
25;DOUBS;62117;55163
26;DROME;63356;53322
26;DROME;62909;54401
26;DROME;78428;67469
26;DROME;70262;59019
27;EURE;70727;59272
27;EURE;62776;53554
27;EURE;67038;58072
27;EURE;65457;55709
27;EURE;70159;60308
28;EURE-ET-LOIR;67130;57739
28;EURE-ET-LOIR;60156;51069
28;EURE-ET-LOIR;66096;55873
28;EURE-ET-LOIR;63077;55366
29;FINISTERE;68145;59854
29;FINISTERE;71164;59277
29;FINISTERE;81329;69300
29;FINISTERE;78308;68518
29;FINISTERE;77928;67909
29;FINISTERE;85800;74314
29;FINISTERE;77783;66672
29;FINISTERE;74658;63952
;;;
;;;
;;;
;;;
30;GARD;73621;61281
30;GARD;83302;70836
30;GARD;84729;72975
30;GARD;78539;66633
30;GARD;74257;63961
31;HAUTE-GARONNE;61948;47565
31;HAUTE-GARONNE;80278;68693
31;HAUTE-GARONNE;64705;54735
31;HAUTE-GARONNE;53101;39436
31;HAUTE-GARONNE;90015;79042
31;HAUTE-GARONNE;75250;64739
31;HAUTE-GARONNE;85487;76098
31;HAUTE-GARONNE;78734;67833
32;GERS;71897;62071
32;GERS;66068;57426
33;GIRONDE;69952;57619
33;GIRONDE;55220;43431
33;GIRONDE;65799;53551
33;GIRONDE;67109;56531
33;GIRONDE;71873;61939
33;GIRONDE;65218;55946
33;GIRONDE;74659;63754
33;GIRONDE;82030;71339
33;GIRONDE;83538;72951
33;GIRONDE;71296;61993
33;GIRONDE;68521;59228
34;HERAULT;57813;47918
34;HERAULT;52675;43530
34;HERAULT;78335;68140
34;HERAULT;88649;77576
34;HERAULT;80538;70290
34;HERAULT;76285;62936
34;HERAULT;81925;69175
35;ILLE-ET-VILAINE;65257;54138
35;ILLE-ET-VILAINE;75629;65117
35;ILLE-ET-VILAINE;71819;61453
35;ILLE-ET-VILAINE;78217;68149
35;ILLE-ET-VILAINE;88239;77212
35;ILLE-ET-VILAINE;68176;59901
35;ILLE-ET-VILAINE;83976;71511
36;INDRE;53720;46013
36;INDRE;66816;58126
36;INDRE;61351;53835
37;INDRE-ET-LOIRE;56040;44354
37;INDRE-ET-LOIRE;72310;61972
37;INDRE-ET-LOIRE;81551;69867
37;INDRE-ET-LOIRE;74740;63069
37;INDRE-ET-LOIRE;66385;55864
38;ISERE;70905;61109
38;ISERE;61626;52331
38;ISERE;51869;43974
38;ISERE;67931;57657
38;ISERE;65707;56342
38;ISERE;76066;63747
38;ISERE;71037;59915
38;ISERE;79875;67534
38;ISERE;67709;57703
39;JURA;60209;52187
39;JURA;49743;42642
39;JURA;63432;55436
40;LANDES;76505;66575
40;LANDES;79537;69342
40;LANDES;77618;69742
41;LOIR-ET-CHER;78240;67743
41;LOIR-ET-CHER;71498;62620
41;LOIR-ET-CHER;67045;58300
42;LOIRE;69020;54980
42;LOIRE;59796;46413
42;LOIRE;69518;59591
42;LOIRE;70628;56919
42;LOIRE;68897;57771
42;LOIRE;61712;52484
42;LOIRE;78070;66626
43;HAUTE-LOIRE;77062;66598
43;HAUTE-LOIRE;79607;68811
44;LOIRE-ATLANTIQUE;63421;51837
44;LOIRE-ATLANTIQUE;67906;54108
44;LOIRE-ATLANTIQUE;77191;62720
44;LOIRE-ATLANTIQUE;62269;52008
44;LOIRE-ATLANTIQUE;78615;67765
44;LOIRE-ATLANTIQUE;65494;56390
44;LOIRE-ATLANTIQUE;79346;67673
44;LOIRE-ATLANTIQUE;72002;58679
44;LOIRE-ATLANTIQUE;69760;59863
44;LOIRE-ATLANTIQUE;68530;60264
45;LOIRET;63913;55635
45;LOIRET;68368;58907
45;LOIRET;72600;62303
45;LOIRET;83824;71547
45;LOIRET;76028;66266
46;LOT;61123;54197
46;LOT;60621;54416
47;LOT-ET-GARONNE;75548;65006
47;LOT-ET-GARONNE;74891;66003
47;LOT-ET-GARONNE;73584;64069
48;LOZERE;30689;26527
48;LOZERE;26422;23420
49;MAINE-ET-LOIRE;68487;57699
49;MAINE-ET-LOIRE;70626;60984
49;MAINE-ET-LOIRE;59640;50430
49;MAINE-ET-LOIRE;64904;55158
49;MAINE-ET-LOIRE;63672;54675
49;MAINE-ET-LOIRE;72262;63560
49;MAINE-ET-LOIRE;60953;53133
50;MANCHE;69351;59706
50;MANCHE;74755;65125
50;MANCHE;67301;57420
50;MANCHE;62798;53560
50;MANCHE;66682;55082
51;MARNE;53995;43973
51;MARNE;58311;48722
51;MARNE;57089;47340
51;MARNE;57267;47711
51;MARNE;60604;52182
51;MARNE;65353;55033
52;HAUTE-MARNE;78389;66791
52;HAUTE-MARNE;68757;57078
53;MAYENNE;70333;61442
53;MAYENNE;59567;51522
53;MAYENNE;66687;58590
54;MEURTHE-ET-MOSELLE;53387;41475
54;MEURTHE-ET-MOSELLE;73892;60398
54;MEURTHE-ET-MOSELLE;58623;47459
54;MEURTHE-ET-MOSELLE;74839;63423
54;MEURTHE-ET-MOSELLE;64851;55241
54;MEURTHE-ET-MOSELLE;72521;61399
54;MEURTHE-ET-MOSELLE;71204;58398
55;MEUSE;78646;67905
55;MEUSE;61577;52890
56;MORBIHAN;71872;61235
56;MORBIHAN;70972;60568
56;MORBIHAN;69542;61480
56;MORBIHAN;76293;66656
56;MORBIHAN;76798;63082
56;MORBIHAN;77861;68316
57;MOSELLE;64432;54644
57;MOSELLE;64481;54204
57;MOSELLE;61751;51564
57;MOSELLE;65816;56386
57;MOSELLE;70314;59738
57;MOSELLE;69233;55821
57;MOSELLE;70970;58975
57;MOSELLE;67210;56708
57;MOSELLE;63883;53728
57;MOSELLE;68262;56942
58;NIEVRE;57009;48452
58;NIEVRE;59952;51732
58;NIEVRE;60146;51794
59;NORD;56114;43268
59;NORD;69170;56250
59;NORD;56392;44250
59;NORD;63237;53345
59;NORD;75732;65240
59;NORD;63733;57661
59;NORD;65431;54507
59;NORD;64380;52915
59;NORD;62036;52309
59;NORD;66181;57032
59;NORD;76692;66921
59;NORD;65624;55362
59;NORD;61133;50743
59;NORD;62560;56493
59;NORD;62306;55849
59;NORD;76219;65257
59;NORD;72428;59632
59;NORD;76783;67438
59;NORD;77907;65710
59;NORD;76989;65248
59;NORD;77760;64022
59;NORD;73952;65740
59;NORD;66160;54176
59;NORD;65422;56541
60;OISE;66220;58606
60;OISE;66868;59260
60;OISE;60507;50244
60;OISE;70619;60828
60;OISE;56901;49483
60;OISE;61761;53312
60;OISE;60554;51400
61;ORNE;71405;61113
61;ORNE;66531;57472
61;ORNE;72143;63210
62;PAS-DE-CALAIS;73961;66450
62;PAS-DE-CALAIS;66140;59215
62;PAS-DE-CALAIS;67455;62568
62;PAS-DE-CALAIS;69511;61299
62;PAS-DE-CALAIS;59630;50151
62;PAS-DE-CALAIS;66456;56169
62;PAS-DE-CALAIS;73761;61900
62;PAS-DE-CALAIS;60134;53834
62;PAS-DE-CALAIS;72729;63883
62;PAS-DE-CALAIS;74134;62788
62;PAS-DE-CALAIS;83177;72280
62;PAS-DE-CALAIS;75810;63609
62;PAS-DE-CALAIS;71345;59199
62;PAS-DE-CALAIS;71238;59722
63;PUY-DE-DOME;56241;47265
63;PUY-DE-DOME;64770;55498
63;PUY-DE-DOME;66400;56934
63;PUY-DE-DOME;67633;58662
63;PUY-DE-DOME;66353;57143
63;PUY-DE-DOME;79650;69582
64;PYRENEES-ATLANTIQUES;57514;48954
64;PYRENEES-ATLANTIQUES;60198;52835
64;PYRENEES-ATLANTIQUES;74748;65423
64;PYRENEES-ATLANTIQUES;80639;69228
64;PYRENEES-ATLANTIQUES;68298;57192
64;PYRENEES-ATLANTIQUES;71991;60883
65;HAUTES-PYRENEES;59445;50937
65;HAUTES-PYRENEES;60441;51224
65;HAUTES-PYRENEES;51828;43115
66;PYRENEES-ORIENTALES;56677;46679
66;PYRENEES-ORIENTALES;66456;56547
66;PYRENEES-ORIENTALES;61798;50889
66;PYRENEES-ORIENTALES;66917;57798
67;BAS-RHIN;49051;38733
67;BAS-RHIN;50916;40081
67;BAS-RHIN;61976;48090
67;BAS-RHIN;89425;74507
67;BAS-RHIN;80685;68596
67;BAS-RHIN;64242;54694
67;BAS-RHIN;73181;62185
67;BAS-RHIN;63179;53474
67;BAS-RHIN;84381;71420
68;HAUT-RHIN;59151;49329
68;HAUT-RHIN;65034;55435
68;HAUT-RHIN;70043;59942
68;HAUT-RHIN;61018;49943
68;HAUT-RHIN;53147;42491
68;HAUT-RHIN;66774;53854
68;HAUT-RHIN;60926;52056
69;RHONE;53902;43812
69;RHONE;65503;52907
69;RHONE;58065;46222
69;RHONE;62152;50189
69;RHONE;73430;62744
69;RHONE;62766;52561
69;RHONE;60864;47043
69;RHONE;66872;56726
69;RHONE;64699;53728
69;RHONE;64038;55825
69;RHONE;60907;51010
69;RHONE;66030;55436
69;RHONE;72202;59927
69;RHONE;49255;38069
70;HAUTE-SAONE;57473;50855
70;HAUTE-SAONE;56342;49686
70;HAUTE-SAONE;51748;45483
71;SAONE-ET-LOIRE;60633;49834
71;SAONE-ET-LOIRE;64122;53943
71;SAONE-ET-LOIRE;68890;58500
71;SAONE-ET-LOIRE;64501;52737
71;SAONE-ET-LOIRE;58929;49377
71;SAONE-ET-LOIRE;79352;66039
72;SARTHE;64094;54249
72;SARTHE;76566;63785
72;SARTHE;76086;65504
72;SARTHE;67367;56755
72;SARTHE;78668;67162
73;SAVOIE;80003;67711
73;SAVOIE;69400;56589
73;SAVOIE;80698;68207
74;HAUTE-SAVOIE;69097;58721
74;HAUTE-SAVOIE;63152;53606
74;HAUTE-SAVOIE;62540;51576
74;HAUTE-SAVOIE;66252;54842
74;HAUTE-SAVOIE;75612;63093
75;PARIS;65398;51529
75;PARIS;63730;52115
75;PARIS;54626;43877
75;PARIS;59829;47415
75;PARIS;47931;36574
75;PARIS;59676;46346
75;PARIS;60219;47862
75;PARIS;64498;53743
75;PARIS;53841;43668
75;PARIS;62045;50982
75;PARIS;59122;47655
75;PARIS;66246;54778
75;PARIS;70082;57599
75;PARIS;52411;44316
75;PARIS;46536;39114
75;PARIS;58658;48274
75;PARIS;59201;45681
75;PARIS;62121;47821
75;PARIS;45447;34629
75;PARIS;58675;46497
75;PARIS;68466;53981
76;SEINE-MARITIME;58548;48521
76;SEINE-MARITIME;73317;62147
76;SEINE-MARITIME;59974;47926
76;SEINE-MARITIME;68343;56756
76;SEINE-MARITIME;78432;67560
76;SEINE-MARITIME;72542;61045
76;SEINE-MARITIME;61221;49836
76;SEINE-MARITIME;57148;45036
76;SEINE-MARITIME;71352;61628
76;SEINE-MARITIME;71045;62283
76;SEINE-MARITIME;70917;61068
76;SEINE-MARITIME;64832;56907
77;SEINE-ET-MARNE;68703;57420
77;SEINE-ET-MARNE;66729;56583
77;SEINE-ET-MARNE;65324;54855
77;SEINE-ET-MARNE;67057;56895
77;SEINE-ET-MARNE;66635;55656
77;SEINE-ET-MARNE;63495;52536
77;SEINE-ET-MARNE;73588;60429
77;SEINE-ET-MARNE;66248;55915
77;SEINE-ET-MARNE;71274;60405
78;YVELINES;74148;63040
78;YVELINES;67532;58052
78;YVELINES;63556;54206
78;YVELINES;67625;56542
78;YVELINES;64984;54358
78;YVELINES;54759;45805
78;YVELINES;61365;51086
78;YVELINES;57472;47151
78;YVELINES;69769;59486
78;YVELINES;80486;69962
78;YVELINES;52929;42978
78;YVELINES;57746;48487
79;DEUX-SEVRES;56133;47219
79;DEUX-SEVRES;67283;57744
79;DEUX-SEVRES;60972;53639
79;DEUX-SEVRES;65694;57834
80;SOMME;56826;47921
80;SOMME;61008;52001
80;SOMME;64298;58371
80;SOMME;67999;60435
80;SOMME;62495;55911
80;SOMME;68226;60893
81;TARN;57299;50208
81;TARN;69709;61187
81;TARN;58329;51622
81;TARN;68024;61399
82;TARN-ET-GARONNE;71983;63320
82;TARN-ET-GARONNE;73363;64209
83;VAR;57525;45792
83;VAR;57618;46441
83;VAR;82725;70238
83;VAR;84195;73028
83;VAR;72343;61018
83;VAR;98882;85756
83;VAR;89299;73073
84;VAUCLUSE;67907;58149
84;VAUCLUSE;91366;78834
84;VAUCLUSE;75469;64356
84;VAUCLUSE;69340;60107
85;VENDEE;72285;63158
85;VENDEE;68976;61228
85;VENDEE;78603;66401
85;VENDEE;72255;64848
85;VENDEE;72285;63791
86;VIENNE;66072;56889
86;VIENNE;61599;52958
86;VIENNE;70010;60933
86;VIENNE;73219;61877
87;HAUTE-VIENNE;53740;46281
87;HAUTE-VIENNE;72608;64281
87;HAUTE-VIENNE;67483;58484
87;HAUTE-VIENNE;68433;59697
88;VOSGES;71679;61241
88;VOSGES;71105;60218
88;VOSGES;63988;55148
88;VOSGES;68370;59321
89;YONNE;71694;61007
89;YONNE;70900;61306
89;YONNE;78405;66736
90;TERRITOIRE DE BELFORT;40720;34688
90;TERRITOIRE DE BELFORT;44179;38170
91;ESSONNE;52272;43499
91;ESSONNE;64615;55650
91;ESSONNE;72362;62803
91;ESSONNE;62623;53998
91;ESSONNE;56905;48990
91;ESSONNE;69505;57407
91;ESSONNE;68812;56843
91;ESSONNE;68312;56269
91;ESSONNE;63565;52657
91;ESSONNE;56985;46345
92;HAUTS-DE-SEINE;57782;46655
92;HAUTS-DE-SEINE;58545;48351
92;HAUTS-DE-SEINE;63712;54025
92;HAUTS-DE-SEINE;61041;50355
92;HAUTS-DE-SEINE;52069;42842
92;HAUTS-DE-SEINE;59279;51360
92;HAUTS-DE-SEINE;71864;61174
92;HAUTS-DE-SEINE;66262;56097
92;HAUTS-DE-SEINE;55996;46324
92;HAUTS-DE-SEINE;51380;42995
92;HAUTS-DE-SEINE;66027;52216
92;HAUTS-DE-SEINE;74327;62932
92;HAUTS-DE-SEINE;78364;66858
93;SEINE-SAINT-DENIS;52090;41272
93;SEINE-SAINT-DENIS;51415;40372
93;SEINE-SAINT-DENIS;52591;40675
93;SEINE-SAINT-DENIS;46861;36778
93;SEINE-SAINT-DENIS;57473;43927
93;SEINE-SAINT-DENIS;59253;47304
93;SEINE-SAINT-DENIS;50830;38231
93;SEINE-SAINT-DENIS;62088;50249
93;SEINE-SAINT-DENIS;60238;46725
93;SEINE-SAINT-DENIS;51385;41157
93;SEINE-SAINT-DENIS;52272;42031
93;SEINE-SAINT-DENIS;58977;48784
93;SEINE-SAINT-DENIS;54658;45127
94;VAL-DE-MARNE;52868;44408
94;VAL-DE-MARNE;61125;49683
94;VAL-DE-MARNE;63540;52501
94;VAL-DE-MARNE;57679;49242
94;VAL-DE-MARNE;58593;46615
94;VAL-DE-MARNE;75380;59689
94;VAL-DE-MARNE;53652;44854
94;VAL-DE-MARNE;51545;43816
94;VAL-DE-MARNE;52383;40955
94;VAL-DE-MARNE;59133;47065
94;VAL-DE-MARNE;56806;45349
94;VAL-DE-MARNE;56915;48106
95;VAL-D'OISE;63705;53955
95;VAL-D'OISE;73194;61519
95;VAL-D'OISE;67779;57373
95;VAL-D'OISE;65094;54417
95;VAL-D'OISE;63887;50769
95;VAL-D'OISE;63617;52532
95;VAL-D'OISE;69660;58898
95;VAL-D'OISE;50628;39059
95;VAL-D'OISE;54581;45507