Code_departement;departement;Inscrits;Votants
1;AIN;86 218;75 087
1;AIN;92 003;77 395
1;AIN;85 399;72 636
1;AIN;109 279;95 741
2;AISNE;72 153;60 646
2;AISNE;74 499;62 535
2;AISNE;72 034;60 030
2;AISNE;79 058;65 011
2;AISNE;79 731;67 279
3;ALLIER;58 140;49 351
3;ALLIER;66 239;55 594
3;ALLIER;70 570;61 240
3;ALLIER;64 588;55 340
4;ALPES-DE-HAUTE-PROVENCE;58 333;50 484
4;ALPES-DE-HAUTE-PROVENCE;60 603;52 309
5;HAUTES-ALPES;57 317;49 483
5;HAUTES-ALPES;45 638;39 044
6;ALPES-MARITIMES;57 415;46 808
6;ALPES-MARITIMES;60 941;49 784
6;ALPES-MARITIMES;69 198;56 745
6;ALPES-MARITIMES;72 344;58 371
6;ALPES-MARITIMES;86 204;72 506
6;ALPES-MARITIMES;106 182;88 986
6;ALPES-MARITIMES;97 077;81 391
6;ALPES-MARITIMES;66 956;55 852
6;ALPES-MARITIMES;105 399;88 881
7;ARDECHE;73 603;63 579
7;ARDECHE;88 727;77 597
7;ARDECHE;73 248;63 556
8;ARDENNES;73 307;60 672
8;ARDENNES;66 013;53 098
8;ARDENNES;59 795;49 800
9;ARIEGE;55 755;48 463
9;ARIEGE;58 076;50 739
10;AUBE;57 799;48 494
10;AUBE;73 077;61 429
10;AUBE;73 816;61 239
11;AUDE;70 005;60 725
11;AUDE;110 355;94 324
11;AUDE;74 044;64 890
12;AVEYRON;74 415;66 162
12;AVEYRON;71 656;62 470
12;AVEYRON;71 910;63 657
13;BOUCHES-DU-RHONE;59 972;49 994
13;BOUCHES-DU-RHONE;64 672;54 826
13;BOUCHES-DU-RHONE;46 096;37 526
13;BOUCHES-DU-RHONE;47 757;37 808
13;BOUCHES-DU-RHONE;53 751;44 392
13;BOUCHES-DU-RHONE;69 625;58 443
13;BOUCHES-DU-RHONE;51 792;41 491
13;BOUCHES-DU-RHONE;73 740;61 349
13;BOUCHES-DU-RHONE;88 927;75 383
13;BOUCHES-DU-RHONE;123 209;103 617
13;BOUCHES-DU-RHONE;99 240;84 212
13;BOUCHES-DU-RHONE;108 677;90 249
13;BOUCHES-DU-RHONE;88 944;74 926
13;BOUCHES-DU-RHONE;100 719;85 275
13;BOUCHES-DU-RHONE;99 618;86 014
13;BOUCHES-DU-RHONE;84 177;71 449
14;CALVADOS;70 487;61 610
14;CALVADOS;67 102;57 365
14;CALVADOS;74 192;62 636
14;CALVADOS;81 421;70 023
14;CALVADOS;101 041;87 820
14;CALVADOS;88 434;77 702
15;CANTAL;64 700;56 075
15;CANTAL;58 663;49 775
16;CHARENTE;63 423;53 026
16;CHARENTE;62 254;52 541
16;CHARENTE;69 019;59 386
16;CHARENTE;65 060;55 215
17;CHARENTE-MARITIME;95 878;81 552
17;CHARENTE-MARITIME;92 011;78 202
17;CHARENTE-MARITIME;79 631;67 421
17;CHARENTE-MARITIME;85 639;72 559
17;CHARENTE-MARITIME;100 235;84 878
18;CHER;74 886;61 662
18;CHER;70004;57560
18;CHER;87 411;72 268
19;CORREZE;65 881;58 307
19;CORREZE;69 450;59 399
19;CORREZE;51 902;45 213
2A;CORSE-DU-SUD;44 836;33 853
2A;CORSE-DU-SUD;49 719;37 624
2B;HAUTE-CORSE;51 489;39 605
2B;HAUTE-CORSE;60 350;44 751
21;COTE-D'OR;66 700;57 998
21;COTE-D'OR;64 112;54 954
21;COTE-D'OR;68 301;58 043
21;COTE-D'OR;69 290;59 349
21;COTE-D'OR;81 115;68 961
22;COTES-D'ARMOR;88 249;76 924
22;COTES-D'ARMOR;91 048;80 935
22;COTES-D'ARMOR;85 448;76 238
22;COTES-D'ARMOR;79 756;70 477
22;COTES-D'ARMOR;101 405;89 245
23;CREUSE;50 842;42 404
23;CREUSE;48 957;40 872
24;DORDOGNE;74 535;65 337
24;DORDOGNE;78 824;69 332
24;DORDOGNE;70 255;62 458
24;DORDOGNE;85 492;75 864
25;DOUBS;71 039;60 742
25;DOUBS;74 841;64 255
25;DOUBS;65 821;56 165
25;DOUBS;67 297;57 079
25;DOUBS;74 134;64 834
26;DROME;72 931;61 088
26;DROME;88 127;75 991
26;DROME;91 734;80 778
26;DROME;85 297;73 721
27;EURE;83 090;70 130
27;EURE;74 559;63 626
27;EURE;78 059;66 893
27;EURE;83 193;69 598
27;EURE;85 363;71 071
28;EURE-ET-LOIR;85 111;71 593
28;EURE-ET-LOIR;69 916;57 909
28;EURE-ET-LOIR;71 088;59 245
28;EURE-ET-LOIR;67 736;57 939
29;FINISTERE;84 255;75 134
29;FINISTERE;71 216;60 083
29;FINISTERE;92 228;80 447
29;FINISTERE;82 203;72 302
29;FINISTERE;88 418;78 856
29;FINISTERE;88 547;77 707
29;FINISTERE;79 098;68 384
29;FINISTERE;81 697;70 571
30;GARD;82 547;69 059
30;GARD;114 130;98 830
30;GARD;113 534;98 339
30;GARD;85 284;73 282
30;GARD;93 404;81 934
31;HAUTE-GARONNE;69 211;57 909
31;HAUTE-GARONNE;110 031;96 783
31;HAUTE-GARONNE;84 780;74 811
31;HAUTE-GARONNE;54 734;45 784
31;HAUTE-GARONNE;137 601;121 810
31;HAUTE-GARONNE;129 182;114 111
31;HAUTE-GARONNE;120 993;108 580
31;HAUTE-GARONNE;82 662;70 850
32;GERS;71 994;63 713
32;GERS;68 330;60 295
33;GIRONDE;81 734;70 507
33;GIRONDE;59 354;50 675
33;GIRONDE;71 682;62 150
33;GIRONDE;82 347;70 664
33;GIRONDE;95 246;83 516
33;GIRONDE;88 629;79 260
33;GIRONDE;95 981;85 763
33;GIRONDE;118 814;103 823
33;GIRONDE;98 595;87 238
33;GIRONDE;78 370;68 104
33;GIRONDE;82 774;71 838
34;HERAULT;75 866;63 889
34;HERAULT;66 213;55 615
34;HERAULT;125026;109413
34;HERAULT;133 693;117 217
34;HERAULT;95 567;82 368
34;HERAULT;84 022;70 905
34;HERAULT;119 297;101 517
35;ILLE-ET-VILAINE;73 815;63 979
35;ILLE-ET-VILAINE;97 459;86 465
35;ILLE-ET-VILAINE;90 789;81 017
35;ILLE-ET-VILAINE;109 189;96 642
35;ILLE-ET-VILAINE;118 144;105 322
35;ILLE-ET-VILAINE;77 722;68 347
35;ILLE-ET-VILAINE;98 528;82 883
36;INDRE;56 103;46 749
36;INDRE;64 607;55 059
36;INDRE;56 624;48 409
37;INDRE-ET-LOIRE;53 981;44 868
37;INDRE-ET-LOIRE;91 686;79 291
37;INDRE-ET-LOIRE;92 147;79 462
37;INDRE-ET-LOIRE;86 128;73 463
37;INDRE-ET-LOIRE;77 736;66 909
38;ISERE;78 179;68 281
38;ISERE;72 527;63 213
38;ISERE;59 659;50 914
38;ISERE;85 050;73 808
38;ISERE;92 601;80 888
38;ISERE;105 702;89 965
38;ISERE;99 757;85 979
38;ISERE;102 168;87 346
38;ISERE;88 556;76 465
39;JURA;64 394;55 123
39;JURA;55 147;47 244
39;JURA;67 542;58 885
40;LANDES;92 687;80 381
40;LANDES;107 297;93 771
40;LANDES;83 087;74 033
41;LOIR-ET-CHER;90 113;76 463
41;LOIR-ET-CHER;79 812;67 835
41;LOIR-ET-CHER;70 617;60 844
42;LOIRE;68 538;57 661
42;LOIRE;49 784;40 823
42;LOIRE;78 765;67 334
42;LOIRE;68 958;58 042
42;LOIRE;68 975;59 108
42;LOIRE;69 274;60 484
42;LOIRE;101 571;88 393
43;HAUTE-LOIRE;92 988;81 594
43;HAUTE-LOIRE;80 270;69 302
44;LOIRE-ATLANTIQUE;71 997;61 373
44;LOIRE-ATLANTIQUE;81 658;68 345
44;LOIRE-ATLANTIQUE;86 360;73 523
44;LOIRE-ATLANTIQUE;79 130;68 391
44;LOIRE-ATLANTIQUE;114 315;101 848
44;LOIRE-ATLANTIQUE;76 979;67 775
44;LOIRE-ATLANTIQUE;105 145;92 238
44;LOIRE-ATLANTIQUE;78 691;67 395
44;LOIRE-ATLANTIQUE;99 080;87 729
44;LOIRE-ATLANTIQUE;98 661;89 417
45;LOIRET;82 053;69 887
45;LOIRET;81 250;67 768
45;LOIRET;89 469;75 839
45;LOIRET;93 383;78 123
45;LOIRET;89 503;76 452
46;LOT;68 531;60 778
46;LOT;64 365;57 523
47;LOT-ET-GARONNE;85 547;75 352
47;LOT-ET-GARONNE;77 458;67 088
47;LOT-ET-GARONNE;75 994;66 023
48;LOZERE;32 091;27 800
48;LOZERE;27 925;24 870
49;MAINE-ET-LOIRE;79 133;69 369
49;MAINE-ET-LOIRE;85 072;74 986
49;MAINE-ET-LOIRE;67 572;58 504
49;MAINE-ET-LOIRE;71 992;62 606
49;MAINE-ET-LOIRE;74 046;65 164
49;MAINE-ET-LOIRE;89 627;79 903
49;MAINE-ET-LOIRE;72 460;63 858
50;MANCHE;74 303;64 233
50;MANCHE;75 906;66 156
50;MANCHE;76 686;65 901
50;MANCHE;73117;63066
50;MANCHE;71 769;60 930
51;MARNE;57 287;45 322
51;MARNE;67 062;55 124
51;MARNE;65 357;53 222
51;MARNE;61 010;48 690
51;MARNE;63 724;53 822
51;MARNE;67 847;55 018
52;HAUTE-MARNE;76 229;63 888
52;HAUTE-MARNE;66 124;54 200
53;MAYENNE;81 387;71 016
53;MAYENNE;66 836;58 438
53;MAYENNE;71 799;62 697
54;MEURTHE-ET-MOSELLE;52 437;43 358
54;MEURTHE-ET-MOSELLE;77 904;66 195
54;MEURTHE-ET-MOSELLE;57 961;48 371
54;MEURTHE-ET-MOSELLE;77 744;65 523
54;MEURTHE-ET-MOSELLE;75 127;64 673
54;MEURTHE-ET-MOSELLE;78 151;65 504
54;MEURTHE-ET-MOSELLE;70 924;57 476
55;MEUSE;79 829;68 821
55;MEUSE;61 438;51 489
56;MORBIHAN;104 038;92 165
56;MORBIHAN;92 762;81 826
56;MORBIHAN;83 298;73 733
56;MORBIHAN;87 068;76 273
56;MORBIHAN;80 871;67 117
56;MORBIHAN;86 864;76 215
57;MOSELLE;74 016;60 534
57;MOSELLE;75 089;62 267
57;MOSELLE;72 416;59 157
57;MOSELLE;69 711;59 313
57;MOSELLE;75 112;61 594
57;MOSELLE;73 096;57 695
57;MOSELLE;79 664;65 980
57;MOSELLE;76 210;64 142
57;MOSELLE;73 230;60 051
57;MOSELLE;70 345;56 165
58;NIEVRE;55 414;45 656
58;NIEVRE;60 493;51 016
58;NIEVRE;53 427;45 002
59;NORD;58 070;45 203
59;NORD;72 905;59 004
59;NORD;63 378;50 630
59;NORD;72 349;59 099
59;NORD;87 818;71 811
59;NORD;80 699;68 857
59;NORD;70 473;54 897
59;NORD;71 325;54 015
59;NORD;69 325;54 890
59;NORD;77 864;60 449
59;NORD;86 499;70 823
59;NORD;70 093;56 264
59;NORD;64 683;53 325
59;NORD;74 056;63 185
59;NORD;73 735;60 747
59;NORD;82 093;67 153
59;NORD;74 900;60 597
59;NORD;79 181;65 007
59;NORD;79 894;64 477
59;NORD;82 402;65 205
59;NORD;78 428;62 153
59;NORD;74 960;62 631
59;NORD;66 141;52 986
59;NORD;64 799;52 002
60;OISE;79 106;66 784
60;OISE;83 722;71 048
60;OISE;69 495;57 589
60;OISE;88 218;73 175
60;OISE;69 400;58 122
60;OISE;73 366;60 610
60;OISE;73 445;60 920
61;ORNE;72 260;62 142
61;ORNE;70 336;59 943
61;ORNE;73 810;63 730
62;PAS-DE-CALAIS;79 597;68 475
62;PAS-DE-CALAIS;76 222;65 722
62;PAS-DE-CALAIS;75 236;66 275
62;PAS-DE-CALAIS;78 651;66 364
62;PAS-DE-CALAIS;64493;53129
62;PAS-DE-CALAIS;73 438;60 220
62;PAS-DE-CALAIS;85 729;69 463
62;PAS-DE-CALAIS;68 902;57 749
62;PAS-DE-CALAIS;80 795;66 895
62;PAS-DE-CALAIS;72 354;57 343
62;PAS-DE-CALAIS;96 353;79 629
62;PAS-DE-CALAIS;78 787;62 347
62;PAS-DE-CALAIS;72 407;56 923
62;PAS-DE-CALAIS;75 498;60 076
63;PUY-DE-DOME;61 187;52 012
63;PUY-DE-DOME;76 265;67 053
63;PUY-DE-DOME;73 945;64 463
63;PUY-DE-DOME;77 488;68 033
63;PUY-DE-DOME;66 225;56 684
63;PUY-DE-DOME;88 150;77 523
64;PYRENEES-ATLANTIQUES;67 726;59 380
64;PYRENEES-ATLANTIQUES;73 711;65 945
64;PYRENEES-ATLANTIQUES;79 821;70 735
64;PYRENEES-ATLANTIQUES;80 071;69 919
64;PYRENEES-ATLANTIQUES;82 514;70 721
64;PYRENEES-ATLANTIQUES;90 829;77 123
65;HAUTES-PYRENEES;60 046;51 885
65;HAUTES-PYRENEES;62 965;55 021
65;HAUTES-PYRENEES;53 268;45 892
66;PYRENEES-ORIENTALES;65 728;54 758
66;PYRENEES-ORIENTALES;96 325;83 006
66;PYRENEES-ORIENTALES;65 488;54 727
66;PYRENEES-ORIENTALES;87 228;75 100
67;BAS-RHIN;51 238;42 272
67;BAS-RHIN;50 749;41 118
67;BAS-RHIN;66 223;53 722
67;BAS-RHIN;113 573;94 938
67;BAS-RHIN;98 504;82 208
67;BAS-RHIN;80 391;67 837
67;BAS-RHIN;82 489;68 759
67;BAS-RHIN;70 250;57 971
67;BAS-RHIN;103 920;87 222
68;HAUT-RHIN;71 454;58 609
68;HAUT-RHIN;74 606;63 306
68;HAUT-RHIN;82 848;70 896
68;HAUT-RHIN;72 233;59 749
68;HAUT-RHIN;54 455;42 495
68;HAUT-RHIN;74 542;60 336
68;HAUT-RHIN;76 739;64 493
69;RHONE;63 143;54 309
69;RHONE;70 563;61 062
69;RHONE;66 505;57 207
69;RHONE;74 041;64 458
69;RHONE;83 172;73 330
69;RHONE;74 007;62 431
69;RHONE;60 237;50 151
69;RHONE;81 918;72 015
69;RHONE;80 391;69 156
69;RHONE;89 347;79 531
69;RHONE;79 840;70 232
69;RHONE;73 622;63 708
69;RHONE;90 809;77 568
69;RHONE;50 040;41 296
70;HAUTE-SAONE;63 861;55 154
70;HAUTE-SAONE;63 966;54 717
70;HAUTE-SAONE;51 679;44 000
71;SAONE-ET-LOIRE;67 123;56 220
71;SAONE-ET-LOIRE;64 342;54 403
71;SAONE-ET-LOIRE;66 622;56 489
71;SAONE-ET-LOIRE;61 737;50 713
71;SAONE-ET-LOIRE;64 190;52 484
71;SAONE-ET-LOIRE;84 932;71 958
72;SARTHE;71 186;60 738
72;SARTHE;81 934;68 234
72;SARTHE;83 882;71 797
72;SARTHE;77 754;66 357
72;SARTHE;86 572;73 882
73;SAVOIE;108 331;93 443
73;SAVOIE;84 324;72 241
73;SAVOIE;95 293;82 594
74;HAUTE-SAVOIE;103 334;90 399
74;HAUTE-SAVOIE;86 086;74 131
74;HAUTE-SAVOIE;85 959;72 500
74;HAUTE-SAVOIE;91740;77420
74;HAUTE-SAVOIE;105 703;89 606
75;PARIS;61 427;53 779
75;PARIS;52 071;46 463
75;PARIS;42 419;37 530
75;PARIS;57 939;50 852
75;PARIS;48 573;42 197
75;PARIS;64 987;56 513
75;PARIS;62 754;55 154
75;PARIS;69 759;61 407
75;PARIS;60 912;53 208
75;PARIS;63 955;56 712
75;PARIS;58 930;51 749
75;PARIS;66 034;58 216
75;PARIS;69 401;61 004
75;PARIS;49 207;43 348
75;PARIS;41 992;36 712
75;PARIS;54 019;47 822
75;PARIS;55 561;48 000
75;PARIS;55 102;47 713
75;PARIS;47 498;40 174
75;PARIS;65 080;55 671
75;PARIS;74 373;64 050
76;SEINE-MARITIME;60 590;49 708
76;SEINE-MARITIME;87 197;74 074
76;SEINE-MARITIME;56 739;47 598
76;SEINE-MARITIME;72 247;60 572
76;SEINE-MARITIME;88 820;74 784
76;SEINE-MARITIME;78 984;64 655
76;SEINE-MARITIME;58 586;46 907
76;SEINE-MARITIME;52 034;39 678
76;SEINE-MARITIME;85 233;72 160
76;SEINE-MARITIME;84 676;72 912
76;SEINE-MARITIME;75 368;63 526
76;SEINE-MARITIME;73 111;62 378
77;SEINE-ET-MARNE;88 256;73 711
77;SEINE-ET-MARNE;76 791;66 079
77;SEINE-ET-MARNE;76 078;65 227
77;SEINE-ET-MARNE;81 923;70 387
77;SEINE-ET-MARNE;92 428;78 587
77;SEINE-ET-MARNE;81 474;69 855
77;SEINE-ET-MARNE;88 094;74 470
77;SEINE-ET-MARNE;110 339;94 914
77;SEINE-ET-MARNE;106 750;91 721
78;YVELINES;90 043;79 666
78;YVELINES;75 973;67 119
78;YVELINES;68 312;60 326
78;YVELINES;74 291;65 252
78;YVELINES;69 255;59 719
78;YVELINES;59 461;50 956
78;YVELINES;74 975;65 194
78;YVELINES;67 120;57 703
78;YVELINES;86 095;75 338
78;YVELINES;100 383;89 423
78;YVELINES;57 573;49 542
78;YVELINES;70 899;61 646
79;DEUX-SEVRES;64 192;55 008
79;DEUX-SEVRES;73 474;64 319
79;DEUX-SEVRES;61 660;53 818
79;DEUX-SEVRES;69 951;61 133
80;SOMME;59 964;48 589
80;SOMME;64 065;53 063
80;SOMME;68 474;59 162
80;SOMME;72 959;61 614
80;SOMME;66 015;55 868
80;SOMME;78 792;67 601
81;TARN;57 336;50 691
81;TARN;79 744;70 139
81;TARN;59 456;52 609
81;TARN;79 818;70 903
82;TARN-ET-GARONNE;81 667;72 037
82;TARN-ET-GARONNE;84 166;73 931
83;VAR;50 946;40 959
83;VAR;56 502;45 796
83;VAR;111 170;93 748
83;VAR;120 686;101 848
83;VAR;107 439;90 329
83;VAR;162 548;138 043
83;VAR;107 504;87 558
84;VAUCLUSE;71034;59708
84;VAUCLUSE;120 183;103 134
84;VAUCLUSE;96 928;83 153
84;VAUCLUSE;82 480;70 198
85;VENDEE;95 081;84 366
85;VENDEE;91 352;80 964
85;VENDEE;108 130;93 142
85;VENDEE;90 612;81 645
85;VENDEE;79 074;69 033
86;VIENNE;82 625;71 460
86;VIENNE;73 280;63 234
86;VIENNE;67 618;58 199
86;VIENNE;75 662;63 725
87;HAUTE-VIENNE;54 020;46 351
87;HAUTE-VIENNE;73 876;64 778
87;HAUTE-VIENNE;66 078;57 168
87;HAUTE-VIENNE;71 891;62 379
88;VOSGES;76 650;64 843
88;VOSGES;75 539;63 092
88;VOSGES;67 228;58 256
88;VOSGES;69 303;59 145
89;YONNE;78 941;66 215
89;YONNE;73 679;61 750
89;YONNE;92 919;77 769
90;TERRITOIRE DE BELFORT;46 471;39 282
90;TERRITOIRE DE BELFORT;47 308;39 799
91;ESSONNE;66 993;57 191
91;ESSONNE;83 530;73 119
91;ESSONNE;93 085;81 657
91;ESSONNE;84 066;74 246
91;ESSONNE;64 758;57 957
91;ESSONNE;72 204;63 672
91;ESSONNE;71 548;60 929
91;ESSONNE;72 852;62 718
91;ESSONNE;73 590;64 278
91;ESSONNE;60 306;51 142
92;HAUTS-DE-SEINE;58 721;47 443
92;HAUTS-DE-SEINE;61 693;53 335
92;HAUTS-DE-SEINE;80 771;69 298
92;HAUTS-DE-SEINE;66 338;57 621
92;HAUTS-DE-SEINE;67 247;58 041
92;HAUTS-DE-SEINE;64 408;56 979
92;HAUTS-DE-SEINE;80 952;71 761
92;HAUTS-DE-SEINE;66 082;57 641
92;HAUTS-DE-SEINE;59 282;52 453
92;HAUTS-DE-SEINE;65 510;56 942
92;HAUTS-DE-SEINE;64 996;56 444
92;HAUTS-DE-SEINE;84 810;74 686
92;HAUTS-DE-SEINE;83 855;73 863
93;SEINE-SAINT-DENIS;49 991;40 359
93;SEINE-SAINT-DENIS;49 648;40 337
93;SEINE-SAINT-DENIS;44 630;36 468
93;SEINE-SAINT-DENIS;44 999;36 403
93;SEINE-SAINT-DENIS;53 033;42 685
93;SEINE-SAINT-DENIS;60 499;50 715
93;SEINE-SAINT-DENIS;49 341;40 858
93;SEINE-SAINT-DENIS;60 334;51 202
93;SEINE-SAINT-DENIS;54 850;44 715
93;SEINE-SAINT-DENIS;51 966;42 846
93;SEINE-SAINT-DENIS;58 487;49 222
93;SEINE-SAINT-DENIS;61 448;52 345
93;SEINE-SAINT-DENIS;68 945;59 765
94;VAL-DE-MARNE;54 312;47 724
94;VAL-DE-MARNE;63 828;54 340
94;VAL-DE-MARNE;68 176;58 281
94;VAL-DE-MARNE;69 715;60 589
94;VAL-DE-MARNE;61 354;51 363
94;VAL-DE-MARNE;76 757;65 837
94;VAL-DE-MARNE;58 048;50 294
94;VAL-DE-MARNE;60 960;52 901
94;VAL-DE-MARNE;51 329;43 416
94;VAL-DE-MARNE;60 423;50 725
94;VAL-DE-MARNE;57 125;48 107
94;VAL-DE-MARNE;63 929;54 655
95;VAL-D'OISE;76 571;67 014
95;VAL-D'OISE;114 025;99 920
95;VAL-D'OISE;83 383;71 616
95;VAL-D'OISE;71 422;61 532
95;VAL-D'OISE;64 055;53 060
95;VAL-D'OISE;71801;61449
95;VAL-D'OISE;80 143;69 294
95;VAL-D'OISE;48 546;40 074
95;VAL-D'OISE;65 168;55 021
971;GUADELOUPE;62 272;35 818
971;GUADELOUPE;88 472;51 700
971;GUADELOUPE;81 868;50 883
971;GUADELOUPE;70 699;40 964
972;MARTINIQUE;60 689;37 429
972;MARTINIQUE;61 503;35 923
972;MARTINIQUE;61 914;36 224
972;MARTINIQUE;103 359;60 008
973;GUYANE;22 155;13 192
973;GUYANE;40 371;23 551
974;LA REUNION;83 247;60 791
974;LA REUNION;107 570;76 843
974;LA REUNION;126 613;94 825
974;LA REUNION;93 622;68 425
974;LA REUNION;99 506;69 835
975;SAINT-PIERRE-ET-MIQUELON;4 923;3 106
985;MAYOTTE;64 440;29 812
986;WALLIS ET FUTUNA;11 166;7 208
987;POLYNESIE FRANCAISE;167 593;115 843
988;NOUVELLE-CALEDONIE;146 068;91 596
99;FRANCAIS DE L'ETRANGER;822 944;331 681