Code_departement;departement;Inscrits;Votants
01;AIN;87435;67560
01;AIN;90534;70920
01;AIN;84080;67038
02;AISNE;66087;56090
02;AISNE;85047;72546
02;AISNE;52750;44819
02;AISNE;65224;55374
02;AISNE;90814;75947
03;ALLIER;62309;52195
03;ALLIER;70987;59687
03;ALLIER;57809;48665
03;ALLIER;75429;61741
04;ALPES-DE-HAUTE-PROVENCE;42356;33847
04;ALPES-DE-HAUTE-PROVENCE;45276;37060
05;HAUTES-ALPES;41316;33572
05;HAUTES-ALPES;33718;25634
06;ALPES-MARITIMES;65131;51256
06;ALPES-MARITIMES;87747;67869
06;ALPES-MARITIMES;103482;80811
06;ALPES-MARITIMES;81250;64413
06;ALPES-MARITIMES;114067;92819
06;ALPES-MARITIMES;143205;114365
07;ARDECHE;66179;53961
07;ARDECHE;70026;56732
07;ARDECHE;56992;45818
08;ARDENNES;65241;54186
08;ARDENNES;66602;54946
08;ARDENNES;60778;50756
09;ARIEGE;52843;43060
09;ARIEGE;54075;42993
10;AUBE;54046;44543
10;AUBE;64603;53347
10;AUBE;69851;56560
11;AUDE;68868;57044
11;AUDE;76972;64219
11;AUDE;59171;49895
12;AVEYRON;74779;62554
12;AVEYRON;64150;53038
12;AVEYRON;70778;58390
13;BOUCHES-DU-RHONE;40988;26974
13;BOUCHES-DU-RHONE;105994;80046
13;BOUCHES-DU-RHONE;53078;37564
13;BOUCHES-DU-RHONE;83720;63711
13;BOUCHES-DU-RHONE;62014;46267
13;BOUCHES-DU-RHONE;101010;81910
13;BOUCHES-DU-RHONE;47572;34602
13;BOUCHES-DU-RHONE;115789;90713
13;BOUCHES-DU-RHONE;127283;103265
13;BOUCHES-DU-RHONE;188710;155090
13;BOUCHES-DU-RHONE;109914;92038
14;CALVADOS;131941;106486
14;CALVADOS;63306;53419
14;CALVADOS;76296;63399
14;CALVADOS;58337;48537
14;CALVADOS;59844;50405
15;CANTAL;68238;56066
15;CANTAL;56278;45006
16;CHARENTE;101256;83311
16;CHARENTE;71745;59228
16;CHARENTE;72613;60966
17;CHARENTE-MARITIME;97975;78030
17;CHARENTE-MARITIME;51836;41132
17;CHARENTE-MARITIME;52536;42605
17;CHARENTE-MARITIME;79509;64145
17;CHARENTE-MARITIME;84382;67112
18;CHER;82658;68306
18;CHER;76068;64071
18;CHER;61264;50420
19;CORREZE;59101;50973
19;CORREZE;75877;65778
19;CORREZE;49094;42666
2A;CORSE-DU-SUD;61388;40585
2A;CORSE-DU-SUD;54225;32850
2B;HAUTE-CORSE;60083;40846
2B;HAUTE-CORSE;30207;19320
21;COTE-D'OR;94140;75799
21;COTE-D'OR;88788;71137
21;COTE-D'OR;60813;48873
21;COTE-D'OR;56095;45691
22;COTES-D'ARMOR;107373;90350
22;COTES-D'ARMOR;74524;63518
22;COTES-D'ARMOR;63825;55004
22;COTES-D'ARMOR;67171;57034
22;COTES-D'ARMOR;82948;68913
23;CREUSE;54806;44291
23;CREUSE;59185;46729
24;DORDOGNE;80092;68209
24;DORDOGNE;72567;60455
24;DORDOGNE;69493;59393
24;DORDOGNE;71553;60800
25;DOUBS;113187;90600
25;DOUBS;113763;93389
25;DOUBS;67773;56469
26;DROME;94081;74800
26;DROME;81106;65827
26;DROME;81578;65308
27;EURE;93692;77492
27;EURE;63014;53291
27;EURE;78497;65329
27;EURE;73362;62310
28;EURE-ET-LOIR;82388;69289
28;EURE-ET-LOIR;85148;70846
28;EURE-ET-LOIR;70498;58884
29;FINISTERE;82444;68713
29;FINISTERE;108474;84818
29;FINISTERE;82535;70529
29;FINISTERE;63564;53476
29;FINISTERE;65744;56008
29;FINISTERE;63402;52295
29;FINISTERE;57344;46721
29;FINISTERE;71892;58773
30;GARD;95514;73722
30;GARD;134502;110967
30;GARD;76379;63852
30;GARD;57475;46845
31;HAUTE-GARONNE;66464;53251
31;HAUTE-GARONNE;80179;62978
31;HAUTE-GARONNE;89317;70322
31;HAUTE-GARONNE;121574;98385
31;HAUTE-GARONNE;107543;91106
31;HAUTE-GARONNE;63168;49934
32;GERS;69665;57143
32;GERS;63916;52908
33;GIRONDE;77442;60483
33;GIRONDE;29871;22174
33;GIRONDE;48511;36603
33;GIRONDE;91230;75543
33;GIRONDE;89981;74659
33;GIRONDE;115906;93201
33;GIRONDE;89301;74097
33;GIRONDE;68098;56837
33;GIRONDE;65971;54056
33;GIRONDE;59062;48223
34;HERAULT;122376;97691
34;HERAULT;115184;93122
34;HERAULT;79664;64993
34;HERAULT;82059;66307
34;HERAULT;59039;48855
35;ILLE-ET-VILAINE;196865;78707
35;ILLE-ET-VILAINE;133297;109298
35;ILLE-ET-VILAINE;53889;46718
35;ILLE-ET-VILAINE;57618;47733
35;ILLE-ET-VILAINE;56073;47424
35;ILLE-ET-VILAINE;94130;76403
36;INDRE;66752;55843
36;INDRE;57777;47270
36;INDRE;56124;46615
37;INDRE-ET-LOIRE;78843;60894
37;INDRE-ET-LOIRE;84049;68725
37;INDRE-ET-LOIRE;72079;60825
37;INDRE-ET-LOIRE;94810;77822
38;ISERE;82779;65612
38;ISERE;108650;84081
38;ISERE;89178;69774
38;ISERE;75362;59850
38;ISERE;69041;55481
38;ISERE;62218;51212
38;ISERE;72736;57834
39;JURA;83225;66879
39;JURA;86623;71477
40;LANDES;72478;60657
40;LANDES;85493;72427
40;LANDES;61396;53020
41;LOIR-ET-CHER;81756;68120
41;LOIR-ET-CHER;68110;56916
41;LOIR-ET-CHER;58188;48998
42;LOIRE;57285;43538
42;LOIRE;77309;57878
42;LOIRE;80188;65599
42;LOIRE;58092;46132
42;LOIRE;70750;56196
42;LOIRE;53631;43590
42;LOIRE;78329;63944
43;HAUTE-LOIRE;79791;65025
43;HAUTE-LOIRE;72927;58891
44;LOIRE-ATLANTIQUE;93743;72384
44;LOIRE-ATLANTIQUE;77371;60228
44;LOIRE-ATLANTIQUE;85599;69762
44;LOIRE-ATLANTIQUE;108437;91758
44;LOIRE-ATLANTIQUE;55841;46930
44;LOIRE-ATLANTIQUE;91612;73742
44;LOIRE-ATLANTIQUE;65777;54259
44;LOIRE-ATLANTIQUE;74699;62773
45;LOIRET;94551;78450
45;LOIRET;90000;75387
45;LOIRET;75259;63299
45;LOIRET;80813;67050
46;LOT;60701;51130
46;LOT;56440;47877
47;LOT-ET-GARONNE;81296;67074
47;LOT-ET-GARONNE;63853;54206
47;LOT-ET-GARONNE;69951;58451
48;LOZERE;30999;24441
48;LOZERE;26253;21764
49;MAINE-ET-LOIRE;63067;51159
49;MAINE-ET-LOIRE;78533;65145
49;MAINE-ET-LOIRE;56122;45370
49;MAINE-ET-LOIRE;61675;50975
49;MAINE-ET-LOIRE;92652;80274
49;MAINE-ET-LOIRE;77872;65511
50;MANCHE;66927;56100
50;MANCHE;73137;61725
50;MANCHE;66442;54172
50;MANCHE;53026;43429
50;MANCHE;67541;54393
51;MARNE;95291;77429
51;MARNE;83548;67296
51;MARNE;87909;71498
51;MARNE;75781;62690
52;HAUTE-MARNE;76939;62722
52;HAUTE-MARNE;67831;54790
53;MAYENNE;76643;64924
53;MAYENNE;57105;48731
53;MAYENNE;54207;46491
54;MEURTHE-ET-MOSELLE;81808;64672
54;MEURTHE-ET-MOSELLE;92617;72119
54;MEURTHE-ET-MOSELLE;68450;52986
54;MEURTHE-ET-MOSELLE;56566;46781
54;MEURTHE-ET-MOSELLE;50112;41758
54;MEURTHE-ET-MOSELLE;54881;46621
54;MEURTHE-ET-MOSELLE;59943;48944
55;MEUSE;77815;64726
55;MEUSE;60989;50663
56;MORBIHAN;87051;72775
56;MORBIHAN;65434;53450
56;MORBIHAN;65062;56203
56;MORBIHAN;50126;41855
56;MORBIHAN;87901;71418
56;MORBIHAN;58209;49044
57;MOSELLE;114644;93644
57;MOSELLE;75552;62367
57;MOSELLE;81012;66582
57;MOSELLE;77492;63951
57;MOSELLE;92923;73980
57;MOSELLE;71100;56047
57;MOSELLE;57519;46542
57;MOSELLE;63828;52977
58;NIEVRE;66745;54465
58;NIEVRE;61877;50680
58;NIEVRE;48380;39059
59;NORD;50082;41231
59;NORD;45902;35282
59;NORD;50089;39906
59;NORD;48232;39191
59;NORD;72810;62539
59;NORD;78585;69098
59;NORD;111349;93941
59;NORD;59113;49193
59;NORD;91228;76627
59;NORD;87986;77482
59;NORD;123420;103149
59;NORD;53670;48511
59;NORD;57592;51712
59;NORD;85342;73458
59;NORD;71871;62398
59;NORD;68841;60441
59;NORD;48823;43087
59;NORD;65477;54576
59;NORD;85598;72144
59;NORD;82494;71155
59;NORD;44739;37975
59;NORD;66073;54490
59;NORD;52694;46026
60;OISE;71555;61447
60;OISE;80443;67443
60;OISE;78349;67001
60;OISE;108446;90120
60;OISE;70673;60098
61;ORNE;69602;57667
61;ORNE;59640;49606
61;ORNE;76401;64323
62;PAS-DE-CALAIS;85298;74495
62;PAS-DE-CALAIS;63968;56967
62;PAS-DE-CALAIS;59373;52686
62;PAS-DE-CALAIS;67136;58645
62;PAS-DE-CALAIS;66305;56768
62;PAS-DE-CALAIS;69946;61005
62;PAS-DE-CALAIS;79318;65343
62;PAS-DE-CALAIS;75421;66976
62;PAS-DE-CALAIS;65729;56682
62;PAS-DE-CALAIS;57995;49037
62;PAS-DE-CALAIS;66562;58207
62;PAS-DE-CALAIS;65447;55057
62;PAS-DE-CALAIS;53223;45305
62;PAS-DE-CALAIS;69813;59691
63;PUY-DE-DOME;106567;88291
63;PUY-DE-DOME;75717;63358
63;PUY-DE-DOME;63228;51992
63;PUY-DE-DOME;66317;54017
63;PUY-DE-DOME;75844;63899
64;PYRENEES-ATLANTIQUES;131447;107330
64;PYRENEES-ATLANTIQUES;88383;73532
64;PYRENEES-ATLANTIQUES;54470;44310
64;PYRENEES-ATLANTIQUES;117622;94964
65;HAUTES-PYRENEES;78211;61392
65;HAUTES-PYRENEES;89829;72164
66;PYRENEES-ORIENTALES;129640;99739
66;PYRENEES-ORIENTALES;95284;75152
67;BAS-RHIN;47197;36153
67;BAS-RHIN;81050;62611
67;BAS-RHIN;121664;96656
67;BAS-RHIN;74841;62271
67;BAS-RHIN;57831;48153
67;BAS-RHIN;60312;48805
67;BAS-RHIN;59265;48449
67;BAS-RHIN;77978;64305
68;HAUT-RHIN;80025;65874
68;HAUT-RHIN;72397;59880
68;HAUT-RHIN;85537;71249
68;HAUT-RHIN;75567;55920
68;HAUT-RHIN;99820;77920
69;RHONE;62390;47781
69;RHONE;59461;45905
69;RHONE;37027;27204
69;RHONE;57425;43386
69;RHONE;38919;29055
69;RHONE;62341;49289
69;RHONE;93976;75906
69;RHONE;80991;67521
69;RHONE;47216;38083
69;RHONE;61927;48914
69;RHONE;86474;69134
69;RHONE;79835;64481
69;RHONE;81068;63666
70;HAUTE-SAONE;78316;64816
70;HAUTE-SAONE;81343;66269
71;SAONE-ET-LOIRE;82396;63642
71;SAONE-ET-LOIRE;80357;64852
71;SAONE-ET-LOIRE;70336;57674
71;SAONE-ET-LOIRE;74834;60049
71;SAONE-ET-LOIRE;80793;63674
72;SARTHE;65992;54287
72;SARTHE;84507;70085
72;SARTHE;66035;55232
72;SARTHE;75002;62837
72;SARTHE;54566;45837
73;SAVOIE;81688;64738
73;SAVOIE;60497;45977
73;SAVOIE;73162;57672
74;HAUTE-SAVOIE;130340;102203
74;HAUTE-SAVOIE;67368;52472
74;HAUTE-SAVOIE;103937;80092
75;PARIS;33868;26235
75;PARIS;35271;25625
75;PARIS;44202;34378
75;PARIS;34466;25851
75;PARIS;42322;32058
75;PARIS;26981;21106
75;PARIS;36819;27752
75;PARIS;49763;36680
75;PARIS;32640;25509
75;PARIS;46388;36562
75;PARIS;47196;38106
75;PARIS;34726;27313
75;PARIS;44485;35061
75;PARIS;50072;39265
75;PARIS;47367;36562
75;PARIS;37186;27723
75;PARIS;55062;42949
75;PARIS;37144;29085
75;PARIS;47168;36973
75;PARIS;58347;47054
75;PARIS;45251;36226
75;PARIS;32472;25992
75;PARIS;37614;29660
75;PARIS;32096;24353
75;PARIS;44255;33410
75;PARIS;34193;25325
75;PARIS;33700;24894
75;PARIS;38164;29875
75;PARIS;41177;32551
75;PARIS;39992;31278
75;PARIS;52189;40634
76;SEINE-MARITIME;70655;57780
76;SEINE-MARITIME;96861;80885
76;SEINE-MARITIME;72268;58803
76;SEINE-MARITIME;96038;80190
76;SEINE-MARITIME;85318;72661
76;SEINE-MARITIME;96470;79121
76;SEINE-MARITIME;71537;58985
76;SEINE-MARITIME;64193;55788
76;SEINE-MARITIME;72526;61726
76;SEINE-MARITIME;57214;48282
77;SEINE-ET-MARNE;160468;130352
77;SEINE-ET-MARNE;127523;103248
77;SEINE-ET-MARNE;94780;77029
77;SEINE-ET-MARNE;75051;62135
77;SEINE-ET-MARNE;79433;64714
78;YVELINES;68976;55511
78;YVELINES;92135;74563
78;YVELINES;121901;99328
78;YVELINES;82857;67510
78;YVELINES;65593;53119
78;YVELINES;65172;53339
78;YVELINES;84738;70345
78;YVELINES;128962;108377
79;DEUX-SEVRES;98820;81289
79;DEUX-SEVRES;74504;63278
79;DEUX-SEVRES;66950;57399
80;SOMME;96486;79745
80;SOMME;69439;60529
80;SOMME;70898;63331
80;SOMME;64895;57055
80;SOMME;70673;61587
81;TARN;88542;74826
81;TARN;81921;70478
81;TARN;76195;65297
82;TARN-ET-GARONNE;67608;57508
82;TARN-ET-GARONNE;69630;57994
83;VAR;105813;87522
83;VAR;127545;103218
83;VAR;97455;77118
83;VAR;139990;112552
84;VAUCLUSE;103872;85521
84;VAUCLUSE;88391;73149
84;VAUCLUSE;83337;68227
85;VENDEE;80604;69832
85;VENDEE;74764;63469
85;VENDEE;94595;78481
85;VENDEE;85729;76016
86;VIENNE;106071;88013
86;VIENNE;77366;63971
86;VIENNE;75936;63506
87;HAUTE-VIENNE;83389;70823
87;HAUTE-VIENNE;71373;61099
87;HAUTE-VIENNE;105226;88536
88;VOSGES;82455;67900
88;VOSGES;60134;48733
88;VOSGES;63257;52728
88;VOSGES;65428;54162
89;YONNE;69127;56346
89;YONNE;62805;51587
89;YONNE;84388;68876
90;TERRITOIRE DE BELFORT;44559;36132
90;TERRITOIRE DE BELFORT;36766;30121
91;ESSONNE;130346;106073
91;ESSONNE;160528;133844
91;ESSONNE;186658;150419
91;ESSONNE;117110;97749
92;HAUTS-DE-SEINE;34348;27500
92;HAUTS-DE-SEINE;43951;34446
92;HAUTS-DE-SEINE;65310;53183
92;HAUTS-DE-SEINE;53810;43116
92;HAUTS-DE-SEINE;49166;40213
92;HAUTS-DE-SEINE;59811;48440
92;HAUTS-DE-SEINE;65563;52799
92;HAUTS-DE-SEINE;68396;56583
92;HAUTS-DE-SEINE;72037;58050
92;HAUTS-DE-SEINE;62752;48848
92;HAUTS-DE-SEINE;65004;51529
92;HAUTS-DE-SEINE;112288;89812
92;HAUTS-DE-SEINE;100683;79918
93;SEINE-SAINT-DENIS;71081;56019
93;SEINE-SAINT-DENIS;43540;34181
93;SEINE-SAINT-DENIS;70588;55544
93;SEINE-SAINT-DENIS;73713;58618
93;SEINE-SAINT-DENIS;95587;74943
93;SEINE-SAINT-DENIS;64687;49944
93;SEINE-SAINT-DENIS;76355;60653
93;SEINE-SAINT-DENIS;118735;94275
93;SEINE-SAINT-DENIS;131286;106608
94;VAL-DE-MARNE;78032;63546
94;VAL-DE-MARNE;94571;76082
94;VAL-DE-MARNE;79275;65887
94;VAL-DE-MARNE;75358;60485
94;VAL-DE-MARNE;106796;86301
94;VAL-DE-MARNE;88083;70476
94;VAL-DE-MARNE;75352;60091
94;VAL-DE-MARNE;118965;97340
95;VAL-D'OISE;116492;97324
95;VAL-D'OISE;88581;72675
95;VAL-D'OISE;68462;56188
95;VAL-D'OISE;107863;87813
95;VAL-D'OISE;152544;122429