Code_departement;departement;Inscrits;Votants
1;AIN;71805;57896
1;AIN;67741;55321
1;AIN;66725;53473
1;AIN;78728;64269
2;AISNE;69520;58250
2;AISNE;73750;62777
2;AISNE;75697;64220
2;AISNE;76199;62823
2;AISNE;70221;58196
3;ALLIER;58726;48390
3;ALLIER;69733;57551
3;ALLIER;72479;61105
3;ALLIER;65292;53151
4;ALPES-DE-HAUTE-PROVENCE;47331;39085
4;ALPES-DE-HAUTE-PROVENCE;50086;41213
5;HAUTES-ALPES;45407;37773
5;HAUTES-ALPES;36295;28841
6;ALPES-MARITIMES;65970;51389
6;ALPES-MARITIMES;71915;55369
6;ALPES-MARITIMES;71826;55587
6;ALPES-MARITIMES;69991;56632
6;ALPES-MARITIMES;74485;59783
6;ALPES-MARITIMES;77070;62313
6;ALPES-MARITIMES;77463;63315
6;ALPES-MARITIMES;60050;50031
6;ALPES-MARITIMES;79920;65083
7;ARDECHE;64293;53333
7;ARDECHE;75265;62293
7;ARDECHE;63967;52620
8;ARDENNES;69593;57104
8;ARDENNES;64140;51618
8;ARDENNES;60118;49411
9;ARIEGE;53413;43179
9;ARIEGE;54733;45288
10;AUBE;54925;45142
10;AUBE;66677;54564
10;AUBE;70734;56514
11;AUDE;62688;53256
11;AUDE;83932;70593
11;AUDE;70102;59824
12;AVEYRON;66894;56982
12;AVEYRON;75241;63083
12;AVEYRON;70274;59432
13;BOUCHES-DU-RHONE;63526;49146
13;BOUCHES-DU-RHONE;62830;48958
13;BOUCHES-DU-RHONE;58023;41263
13;BOUCHES-DU-RHONE;56612;40805
13;BOUCHES-DU-RHONE;57243;43735
13;BOUCHES-DU-RHONE;62277;50083
13;BOUCHES-DU-RHONE;56488;42834
13;BOUCHES-DU-RHONE;64119;49760
13;BOUCHES-DU-RHONE;72561;59909
13;BOUCHES-DU-RHONE;87915;73571
13;BOUCHES-DU-RHONE;71296;59332
13;BOUCHES-DU-RHONE;79668;65425
13;BOUCHES-DU-RHONE;68020;56418
13;BOUCHES-DU-RHONE;78584;64976
13;BOUCHES-DU-RHONE;71424;60420
13;BOUCHES-DU-RHONE;73664;61373
14;CALVADOS;63612;50685
14;CALVADOS;61328;48803
14;CALVADOS;68203;56597
14;CALVADOS;67272;55031
14;CALVADOS;79329;65720
14;CALVADOS;74642;62642
15;CANTAL;61948;51895
15;CANTAL;63292;51673
16;CHARENTE;61125;49587
16;CHARENTE;60948;49880
16;CHARENTE;71052;59944
16;CHARENTE;58948;48738
17;CHARENTE-MARITIME;74624;59816
17;CHARENTE-MARITIME;72899;58271
17;CHARENTE-MARITIME;75765;61441
17;CHARENTE-MARITIME;79521;64301
17;CHARENTE-MARITIME;78122;62817
18;CHER;73357;60488
18;CHER;67552;56149
18;CHER;84428;69609
19;CORREZE;66749;58429
19;CORREZE;61322;53675
19;CORREZE;58071;50761
2A;CORSE-DU-SUD;42330;29331
2A;CORSE-DU-SUD;49700;33654
2B;HAUTE-CORSE;45549;30853
2B;HAUTE-CORSE;69002;45641
21;COTE-D'OR;58630;48085
21;COTE-D'OR;55952;45328
21;COTE-D'OR;56535;45568
21;COTE-D'OR;68683;56444
21;COTE-D'OR;72952;59487
22;COTES-D'ARMOR;77838;65408
22;COTES-D'ARMOR;81164;70115
22;COTES-D'ARMOR;80745;70524
22;COTES-D'ARMOR;81787;70530
22;COTES-D'ARMOR;91322;76561
23;CREUSE;54593;43441
23;CREUSE;56559;45721
24;DORDOGNE;72098;60712
24;DORDOGNE;75306;63876
24;DORDOGNE;74925;64948
24;DORDOGNE;79678;68338
25;DOUBS;55781;46925
25;DOUBS;63206;53095
25;DOUBS;61466;51008
25;DOUBS;64241;51494
25;DOUBS;62135;53094
26;DROME;63359;51413
26;DROME;62915;52893
26;DROME;78291;64512
26;DROME;70278;56964
27;EURE;70755;57519
27;EURE;62804;51970
27;EURE;67067;56234
27;EURE;65480;54434
27;EURE;70241;59010
28;EURE-ET-LOIR;67131;56144
28;EURE-ET-LOIR;60148;49587
28;EURE-ET-LOIR;66109;54269
28;EURE-ET-LOIR;63082;53817
29;FINISTERE;68174;57837
29;FINISTERE;71167;57169
29;FINISTERE;81331;67590
29;FINISTERE;78327;65857
29;FINISTERE;77951;66379
29;FINISTERE;85738;71809
29;FINISTERE;77820;63918
29;FINISTERE;74692;61569
30;GARD;73690;59134
30;GARD;83133;69172
30;GARD;84760;70695
30;GARD;78562;64941
30;GARD;74260;62026
31;HAUTE-GARONNE;61941;45347
31;HAUTE-GARONNE;80280;66145
31;HAUTE-GARONNE;64708;52738
31;HAUTE-GARONNE;51108;37756
31;HAUTE-GARONNE;90017;76608
31;HAUTE-GARONNE;75281;62671
31;HAUTE-GARONNE;85495;73731
31;HAUTE-GARONNE;78740;63940
32;GERS;71928;59058
32;GERS;66091;54676
33;GIRONDE;70012;55807
33;GIRONDE;55220;42031
33;GIRONDE;65812;51932
33;GIRONDE;67115;55455
33;GIRONDE;71997;60081
33;GIRONDE;65220;54464
33;GIRONDE;74667;61974
33;GIRONDE;82074;68932
33;GIRONDE;83581;70786
33;GIRONDE;71329;59966
33;GIRONDE;68440;57342
34;HERAULT;57827;45651
34;HERAULT;52685;41572
34;HERAULT;78345;65600
34;HERAULT;88661;74387
34;HERAULT;80563;67590
34;HERAULT;76287;60528
34;HERAULT;81953;66867
35;ILLE-ET-VILAINE;65259;51556
35;ILLE-ET-VILAINE;75635;62134
35;ILLE-ET-VILAINE;71816;58920
35;ILLE-ET-VILAINE;78228;66104
35;ILLE-ET-VILAINE;88246;75218
35;ILLE-ET-VILAINE;68182;58047
35;ILLE-ET-VILAINE;83976;68929
36;INDRE;53742;44798
36;INDRE;66826;55688
36;INDRE;61359;51883
37;INDRE-ET-LOIRE;56069;42581
37;INDRE-ET-LOIRE;72324;60184
37;INDRE-ET-LOIRE;81741;67970
37;INDRE-ET-LOIRE;74759;61096
37;INDRE-ET-LOIRE;66399;54148
38;ISERE;70902;58544
38;ISERE;61638;50987
38;ISERE;51860;42606
38;ISERE;67947;55333
38;ISERE;65707;54277
38;ISERE;76070;61648
38;ISERE;70244;57091
38;ISERE;79875;65398
38;ISERE;67710;55491
39;JURA;60214;49762
39;JURA;49851;40614
39;JURA;63445;52901
40;LANDES;76529;64582
40;LANDES;79562;67368
40;LANDES;77634;67598
41;LOIR-ET-CHER;78251;65956
41;LOIR-ET-CHER;71521;60743
41;LOIR-ET-CHER;67079;56662
42;LOIRE;69020;52954
42;LOIRE;59796;44307
42;LOIRE;69521;57714
42;LOIRE;70628;55427
42;LOIRE;68898;55357
42;LOIRE;61726;50631
42;LOIRE;78073;64548
43;HAUTE-LOIRE;76984;64204
43;HAUTE-LOIRE;79636;64889
44;LOIRE-ATLANTIQUE;63422;49719
44;LOIRE-ATLANTIQUE;67906;51763
44;LOIRE-ATLANTIQUE;77208;60584
44;LOIRE-ATLANTIQUE;62279;50469
44;LOIRE-ATLANTIQUE;78697;66079
44;LOIRE-ATLANTIQUE;65513;55255
44;LOIRE-ATLANTIQUE;79367;65837
44;LOIRE-ATLANTIQUE;72007;56771
44;LOIRE-ATLANTIQUE;69791;58325
44;LOIRE-ATLANTIQUE;68535;58851
45;LOIRET;63946;53795
45;LOIRET;68400;57117
45;LOIRET;72646;60498
45;LOIRET;83862;69649
45;LOIRET;76071;64514
46;LOT;61123;51800
46;LOT;60621;51952
47;LOT-ET-GARONNE;75566;63155
47;LOT-ET-GARONNE;74929;64257
47;LOT-ET-GARONNE;73593;61690
48;LOZERE;30695;24848
48;LOZERE;26437;22198
49;MAINE-ET-LOIRE;68486;55901
49;MAINE-ET-LOIRE;70630;59474
49;MAINE-ET-LOIRE;59644;49180
49;MAINE-ET-LOIRE;64909;54210
49;MAINE-ET-LOIRE;63676;53949
49;MAINE-ET-LOIRE;72271;62702
49;MAINE-ET-LOIRE;60971;52092
50;MANCHE;69365;57983
50;MANCHE;74785;63078
50;MANCHE;67319;55345
50;MANCHE;62809;51739
50;MANCHE;66688;53588
51;MARNE;53996;42083
51;MARNE;58322;47157
51;MARNE;57094;45710
51;MARNE;57295;46119
51;MARNE;60617;50425
51;MARNE;65378;53132
52;HAUTE-MARNE;78423;64038
52;HAUTE-MARNE;68773;55124
53;MAYENNE;70342;59807
53;MAYENNE;59580;50758
53;MAYENNE;66696;57232
54;MEURTHE-ET-MOSELLE;53389;39935
54;MEURTHE-ET-MOSELLE;73912;58288
54;MEURTHE-ET-MOSELLE;58631;45894
54;MEURTHE-ET-MOSELLE;74995;61843
54;MEURTHE-ET-MOSELLE;64871;53791
54;MEURTHE-ET-MOSELLE;72539;59587
54;MEURTHE-ET-MOSELLE;71225;56389
55;MEUSE;78666;65849
55;MEUSE;61580;51001
56;MORBIHAN;71891;59874
56;MORBIHAN;70979;59227
56;MORBIHAN;69549;60118
56;MORBIHAN;76307;65301
56;MORBIHAN;76808;61434
56;MORBIHAN;77892;66389
57;MOSELLE;64437;53576
57;MOSELLE;64480;52877
57;MOSELLE;61757;50229
57;MOSELLE;65832;55633
57;MOSELLE;70343;58476
57;MOSELLE;69242;54981
57;MOSELLE;70879;58168
57;MOSELLE;67217;55753
57;MOSELLE;63884;52182
57;MOSELLE;68300;55763
58;NIEVRE;57013;46429
58;NIEVRE;59965;50255
58;NIEVRE;60186;49411
59;NORD;56114;42021
59;NORD;69137;54714
59;NORD;56392;42884
59;NORD;63241;52353
59;NORD;75739;64086
59;NORD;63738;56389
59;NORD;65455;53874
59;NORD;64416;52016
59;NORD;62036;51141
59;NORD;66175;56385
59;NORD;76694;65724
59;NORD;65624;54711
59;NORD;61129;49584
59;NORD;62566;55216
59;NORD;62314;55088
59;NORD;76223;64656
59;NORD;72428;58589
59;NORD;76782;65697
59;NORD;77902;65546
59;NORD;76987;64423
59;NORD;77754;62634
59;NORD;73948;64327
59;NORD;66159;53255
59;NORD;65506;54757
60;OISE;66244;57308
60;OISE;66885;58031
60;OISE;60517;49337
60;OISE;70637;59151
60;OISE;56909;48316
60;OISE;61768;52069
60;OISE;60617;50414
61;ORNE;71407;59047
61;ORNE;66548;55595
61;ORNE;72158;61334
62;PAS-DE-CALAIS;73972;64834
62;PAS-DE-CALAIS;66152;57863
62;PAS-DE-CALAIS;67464;60925
62;PAS-DE-CALAIS;69467;59479
62;PAS-DE-CALAIS;59651;49346
62;PAS-DE-CALAIS;66460;55220
62;PAS-DE-CALAIS;71651;59121
62;PAS-DE-CALAIS;60137;52584
62;PAS-DE-CALAIS;72734;62873
62;PAS-DE-CALAIS;74166;62362
62;PAS-DE-CALAIS;83174;71717
62;PAS-DE-CALAIS;75823;63613
62;PAS-DE-CALAIS;71366;59046
62;PAS-DE-CALAIS;71244;59719
63;PUY-DE-DOME;56141;45584
63;PUY-DE-DOME;64784;53624
63;PUY-DE-DOME;66422;54607
63;PUY-DE-DOME;67669;55962
63;PUY-DE-DOME;66375;54495
63;PUY-DE-DOME;79688;66710
64;PYRENEES-ATLANTIQUES;57562;47089
64;PYRENEES-ATLANTIQUES;60222;50949
64;PYRENEES-ATLANTIQUES;74772;63065
64;PYRENEES-ATLANTIQUES;80698;66134
64;PYRENEES-ATLANTIQUES;68326;55629
64;PYRENEES-ATLANTIQUES;72007;58845
65;HAUTES-PYRENEES;59453;48053
65;HAUTES-PYRENEES;60460;49307
65;HAUTES-PYRENEES;51836;41477
66;PYRENEES-ORIENTALES;56690;44721
66;PYRENEES-ORIENTALES;66474;54397
66;PYRENEES-ORIENTALES;61815;48155
66;PYRENEES-ORIENTALES;66919;55001
67;BAS-RHIN;49115;37278
67;BAS-RHIN;50994;38870
67;BAS-RHIN;61994;47006
67;BAS-RHIN;89427;72962
67;BAS-RHIN;80777;67721
67;BAS-RHIN;64248;54104
67;BAS-RHIN;73186;61546
67;BAS-RHIN;63197;52904
67;BAS-RHIN;84384;71182
68;HAUT-RHIN;59154;48646
68;HAUT-RHIN;65040;54849
68;HAUT-RHIN;70042;59353
68;HAUT-RHIN;61015;49417
68;HAUT-RHIN;53147;41608
68;HAUT-RHIN;66781;53197
68;HAUT-RHIN;61026;51291
69;RHONE;53902;42572
69;RHONE;65503;51281
69;RHONE;58065;45000
69;RHONE;62152;48709
69;RHONE;73434;60947
69;RHONE;62793;50757
69;RHONE;60863;45733
69;RHONE;66822;55318
69;RHONE;64701;52097
69;RHONE;64036;54407
69;RHONE;60932;50020
69;RHONE;66031;53723
69;RHONE;72215;58765
69;RHONE;49259;37508
70;HAUTE-SAONE;57502;48736
70;HAUTE-SAONE;56368;47400
70;HAUTE-SAONE;51752;43002
71;SAONE-ET-LOIRE;60604;47631
71;SAONE-ET-LOIRE;64137;52011
71;SAONE-ET-LOIRE;68942;56572
71;SAONE-ET-LOIRE;64529;50752
71;SAONE-ET-LOIRE;58949;47500
71;SAONE-ET-LOIRE;79378;62401
72;SARTHE;64125;52494
72;SARTHE;76595;62092
72;SARTHE;76119;63369
72;SARTHE;67387;55325
72;SARTHE;78700;64904
73;SAVOIE;80021;64889
73;SAVOIE;69407;53755
73;SAVOIE;80704;65291
74;HAUTE-SAVOIE;69113;56503
74;HAUTE-SAVOIE;63167;51581
74;HAUTE-SAVOIE;62552;49479
74;HAUTE-SAVOIE;66266;52441
74;HAUTE-SAVOIE;75627;60184
75;PARIS;65386;49022
75;PARIS;63719;49933
75;PARIS;54469;42202
75;PARIS;59811;45332
75;PARIS;47933;35024
75;PARIS;59674;44443
75;PARIS;60210;45812
75;PARIS;64492;51403
75;PARIS;53839;41888
75;PARIS;62387;48802
75;PARIS;59121;45663
75;PARIS;66227;52547
75;PARIS;70072;55079
75;PARIS;52409;42656
75;PARIS;46334;37538
75;PARIS;58649;46206
75;PARIS;59188;43911
75;PARIS;62118;45664
75;PARIS;45446;33369
75;PARIS;58673;44791
75;PARIS;68466;51678
76;SEINE-MARITIME;58548;46768
76;SEINE-MARITIME;73321;60478
76;SEINE-MARITIME;59975;47201
76;SEINE-MARITIME;68343;55881
76;SEINE-MARITIME;78450;65968
76;SEINE-MARITIME;72594;59920
76;SEINE-MARITIME;61314;48294
76;SEINE-MARITIME;57257;44383
76;SEINE-MARITIME;71357;60192
76;SEINE-MARITIME;71070;60826
76;SEINE-MARITIME;70986;59744
76;SEINE-MARITIME;64844;54944
77;SEINE-ET-MARNE;68718;55680
77;SEINE-ET-MARNE;66764;54956
77;SEINE-ET-MARNE;65335;53527
77;SEINE-ET-MARNE;67071;55391
77;SEINE-ET-MARNE;66650;54216
77;SEINE-ET-MARNE;63496;51274
77;SEINE-ET-MARNE;73600;58598
77;SEINE-ET-MARNE;66256;54282
77;SEINE-ET-MARNE;71291;58684
78;YVELINES;74199;61299
78;YVELINES;67555;56561
78;YVELINES;63639;52544
78;YVELINES;67659;54769
78;YVELINES;64992;52741
78;YVELINES;54870;44422
78;YVELINES;61370;49938
78;YVELINES;57481;46173
78;YVELINES;69795;58501
78;YVELINES;80521;68165
78;YVELINES;52933;41943
78;YVELINES;57790;47237
79;DEUX-SEVRES;56134;45714
79;DEUX-SEVRES;67289;55688
79;DEUX-SEVRES;60979;52329
79;DEUX-SEVRES;65696;56788
80;SOMME;56864;46665
80;SOMME;61140;50368
80;SOMME;64325;56903
80;SOMME;68018;58872
80;SOMME;62530;54475
80;SOMME;68251;59354
81;TARN;57324;48108
81;TARN;69719;58760
81;TARN;58339;49602
81;TARN;68050;59620
82;TARN-ET-GARONNE;72225;60463
82;TARN-ET-GARONNE;73405;61608
83;VAR;57526;44521
83;VAR;57618;45198
83;VAR;82728;67941
83;VAR;84219;69905
83;VAR;72380;58473
83;VAR;98886;83338
83;VAR;89310;70764
84;VAUCLUSE;67911;56755
84;VAUCLUSE;91397;76783
84;VAUCLUSE;75492;63147
84;VAUCLUSE;69361;58426
85;VENDEE;72287;62329
85;VENDEE;68987;60008
85;VENDEE;78611;64668
85;VENDEE;72259;64570
85;VENDEE;72303;62203
86;VIENNE;66042;54725
86;VIENNE;61598;51044
86;VIENNE;70020;58945
86;VIENNE;73223;59750
87;HAUTE-VIENNE;53742;44640
87;HAUTE-VIENNE;72622;62207
87;HAUTE-VIENNE;67495;56420
87;HAUTE-VIENNE;68439;58173
88;VOSGES;71692;59157
88;VOSGES;71110;57831
88;VOSGES;64008;53533
88;VOSGES;68376;57139
89;YONNE;72146;58423
89;YONNE;70940;58863
89;YONNE;78412;64484
90;TERRITOIRE DE BELFORT;40736;33040
90;TERRITOIRE DE BELFORT;44192;36509
91;ESSONNE;52283;42517
91;ESSONNE;64674;54496
91;ESSONNE;72415;61309
91;ESSONNE;62639;52736
91;ESSONNE;56912;47663
91;ESSONNE;69524;55582
91;ESSONNE;68857;55052
91;ESSONNE;68342;54556
91;ESSONNE;63580;51017
91;ESSONNE;57008;45158
92;HAUTS-DE-SEINE;57883;45878
92;HAUTS-DE-SEINE;58544;46664
92;HAUTS-DE-SEINE;63713;52011
92;HAUTS-DE-SEINE;61065;49296
92;HAUTS-DE-SEINE;52069;41516
92;HAUTS-DE-SEINE;59279;49618
92;HAUTS-DE-SEINE;71881;59180
92;HAUTS-DE-SEINE;66269;54354
92;HAUTS-DE-SEINE;56010;44713
92;HAUTS-DE-SEINE;51390;41457
92;HAUTS-DE-SEINE;66052;50613
92;HAUTS-DE-SEINE;74348;60877
92;HAUTS-DE-SEINE;78374;64470
93;SEINE-SAINT-DENIS;52090;40419
93;SEINE-SAINT-DENIS;51423;40093
93;SEINE-SAINT-DENIS;52591;40499
93;SEINE-SAINT-DENIS;46870;36447
93;SEINE-SAINT-DENIS;57475;43776
93;SEINE-SAINT-DENIS;59323;46219
93;SEINE-SAINT-DENIS;50880;37494
93;SEINE-SAINT-DENIS;62093;48745
93;SEINE-SAINT-DENIS;60254;45758
93;SEINE-SAINT-DENIS;51396;40082
93;SEINE-SAINT-DENIS;52283;41339
93;SEINE-SAINT-DENIS;58995;47543
93;SEINE-SAINT-DENIS;54663;43926
94;VAL-DE-MARNE;52867;42950
94;VAL-DE-MARNE;61137;48327
94;VAL-DE-MARNE;63548;51355
94;VAL-DE-MARNE;57690;48150
94;VAL-DE-MARNE;58603;45700
94;VAL-DE-MARNE;74550;57422
94;VAL-DE-MARNE;53665;43578
94;VAL-DE-MARNE;51542;42434
94;VAL-DE-MARNE;51376;39314
94;VAL-DE-MARNE;58274;46971
94;VAL-DE-MARNE;56069;44654
94;VAL-DE-MARNE;56920;46689
95;VAL-D'OISE;63747;52703
95;VAL-D'OISE;73199;60455
95;VAL-D'OISE;67782;55714
95;VAL-D'OISE;65093;53026
95;VAL-D'OISE;63887;50340
95;VAL-D'OISE;63634;51019
95;VAL-D'OISE;69679;57236
95;VAL-D'OISE;50633;37973
95;VAL-D'OISE;54588;44582