Code_departement;departement;Inscrits;Votants
01;AIN;68806;54781
01;AIN;70158;57735
01;AIN;67509;55173
02;AISNE;52614;45922
02;AISNE;68667;59996
02;AISNE;48476;42753
02;AISNE;53722;46875
02;AISNE;67114;58041
03;ALLIER;55680;46001
03;ALLIER;64109;54909
03;ALLIER;57612;48499
03;ALLIER;66919;55495
04;ALPES-DE-HAUTE-PROVENCE;31042;25441
04;ALPES-DE-HAUTE-PROVENCE;31535;26160
05;HAUTES-ALPES;31575;26357
05;HAUTES-ALPES;25994;20605
06;ALPES-MARITIMES;62168;51733
06;ALPES-MARITIMES;67016;55032
06;ALPES-MARITIMES;69261;56882
06;ALPES-MARITIMES;60895;50393
06;ALPES-MARITIMES;75022;62764
06;ALPES-MARITIMES;74580;62088
07;ARDECHE;58388;49727
07;ARDECHE;56461;46808
07;ARDECHE;50723;41834
08;ARDENNES;54099;46119
08;ARDENNES;60553;52212
08;ARDENNES;52082;44848
09;ARIEGE;45157;37872
09;ARIEGE;49585;41593
10;AUBE;43951;37656
10;AUBE;50811;43412
10;AUBE;58637;50308
11;AUDE;57555;50485
11;AUDE;63136;55049
11;AUDE;53222;46365
12;AVEYRON;62937;52330
12;AVEYRON;59949;51278
12;AVEYRON;65962;55994
13;BOUCHES-DU-RHONE;51158;38027
13;BOUCHES-DU-RHONE;79541;63295
13;BOUCHES-DU-RHONE;60325;45837
13;BOUCHES-DU-RHONE;61825;49132
13;BOUCHES-DU-RHONE;56485;44781
13;BOUCHES-DU-RHONE;59934;48932
13;BOUCHES-DU-RHONE;54010;42026
13;BOUCHES-DU-RHONE;76836;62059
13;BOUCHES-DU-RHONE;78456;65782
13;BOUCHES-DU-RHONE;98976;82830
13;BOUCHES-DU-RHONE;72247;62512
14;CALVADOS;83688;70798
14;CALVADOS;50301;42133
14;CALVADOS;56626;47228
14;CALVADOS;43044;35441
14;CALVADOS;47871;40947
15;CANTAL;57466;45958
15;CANTAL;53152;41467
16;CHARENTE;80153;67189
16;CHARENTE;59929;49982
16;CHARENTE;66128;56097
17;CHARENTE-MARITIME;66128;54503
17;CHARENTE-MARITIME;43956;35423
17;CHARENTE-MARITIME;46196;37815
17;CHARENTE-MARITIME;69199;56659
17;CHARENTE-MARITIME;65059;53324
18;CHER;63972;54079
18;CHER;64112;54731
18;CHER;57897;47805
19;CORREZE;55797;46935
19;CORREZE;61279;53060
19;CORREZE;44758;37213
20;CORSE;63098;40372
20;CORSE;49700;30970
20;CORSE;65581;37976
21;COTE-D'OR;67559;55798
21;COTE-D'OR;65306;53259
21;COTE-D'OR;50951;41735
21;COTE-D'OR;48872;41108
22;COTES-D'ARMOR;78902;69164
22;COTES-D'ARMOR;62474;53338
22;COTES-D'ARMOR;57274;49494
22;COTES-D'ARMOR;60668;53053
22;COTES-D'ARMOR;67124;57561
23;CREUSE;53190;42039
23;CREUSE;59954;46821
24;DORDOGNE;64540;56205
24;DORDOGNE;60347;51744
24;DORDOGNE;65288;55919
24;DORDOGNE;62842;54097
25;DOUBS;80934;68918
25;DOUBS;85360;74360
25;DOUBS;53581;47508
26;DROME;69951;57901
26;DROME;59697;50414
26;DROME;65556;53899
27;EURE;62544;53783
27;EURE;47734;40295
27;EURE;50931;44101
27;EURE;52412;46300
28;EURE-ET-LOIR;59235;51249
28;EURE-ET-LOIR;56719;48645
28;EURE-ET-LOIR;57918;49084
29;FINISTERE;65164;55510
29;FINISTERE;83910;69237
29;FINISTERE;59700;52516
29;FINISTERE;55788;48118
29;FINISTERE;57146;49798
29;FINISTERE;58970;49211
29;FINISTERE;53736;44047
29;FINISTERE;60465;50751
30;GARD;72587;59189
30;GARD;90768;78053
30;GARD;68014;59747
30;GARD;47787;40702
31;HAUTE-GARONNE;58589;48880
31;HAUTE-GARONNE;67408;56347
31;HAUTE-GARONNE;72893;61067
31;HAUTE-GARONNE;68070;58259
31;HAUTE-GARONNE;62586;54154
31;HAUTE-GARONNE;57191;46298
32;GERS;60121;49950
32;GERS;54966;46099
33;GIRONDE;77959;64281
33;GIRONDE;43073;34599
33;GIRONDE;54424;43993
33;GIRONDE;56273;47139
33;GIRONDE;54418;45891
33;GIRONDE;68406;57536
33;GIRONDE;65786;55266
33;GIRONDE;59451;50940
33;GIRONDE;54944;46089
33;GIRONDE;47100;39019
34;HERAULT;76310;63961
34;HERAULT;69688;59111
34;HERAULT;63082;53427
34;HERAULT;65691;55786
34;HERAULT;50141;41403
35;ILLE-ET-VILAINE;75520;61776
35;ILLE-ET-VILAINE;86384;72268
35;ILLE-ET-VILAINE;44936;40069
35;ILLE-ET-VILAINE;48809;40143
35;ILLE-ET-VILAINE;48450;42844
35;ILLE-ET-VILAINE;77566;65775
36;INDRE;51812;43933
36;INDRE;55831;45663
36;INDRE;53357;44656
37;INDRE-ET-LOIRE;70625;58679
37;INDRE-ET-LOIRE;55277;46332
37;INDRE-ET-LOIRE;58432;50211
37;INDRE-ET-LOIRE;62479;52354
38;ISERE;57838;47525
38;ISERE;82191;68031
38;ISERE;57025;47121
38;ISERE;53835;44172
38;ISERE;62108;51925
38;ISERE;53229;44368
38;ISERE;67757;54655
39;JURA;71003;59624
39;JURA;70730;60487
40;LANDES;56302;47741
40;LANDES;65931;56563
40;LANDES;54209;46366
41;LOIR-ET-CHER;59351;51187
41;LOIR-ET-CHER;53712;46017
41;LOIR-ET-CHER;49284;41632
42;LOIRE;54981;44839
42;LOIRE;70105;56710
42;LOIRE;62373;51935
42;LOIRE;53460;44298
42;LOIRE;60498;48962
42;LOIRE;47093;39237
42;LOIRE;63236;52002
43;HAUTE-LOIRE;70423;58028
43;HAUTE-LOIRE;68222;54867
44;LOIRE-ATLANTIQUE;82597;68730
44;LOIRE-ATLANTIQUE;60181;50129
44;LOIRE-ATLANTIQUE;58409;49617
44;LOIRE-ATLANTIQUE;64155;55941
44;LOIRE-ATLANTIQUE;48955;42199
44;LOIRE-ATLANTIQUE;67985;57266
44;LOIRE-ATLANTIQUE;49571;42400
44;LOIRE-ATLANTIQUE;57416;50479
45;LOIRET;60729;51804
45;LOIRET;62784;54494
45;LOIRET;58325;49793
45;LOIRET;61133;51390
46;LOT;51555;43914
46;LOT;49520;42287
47;LOT-ET-GARONNE;65498;55953
47;LOT-ET-GARONNE;53537;46628
47;LOT-ET-GARONNE;54933;48472
48;LOZERE;30107;24006
48;LOZERE;24025;19891
49;MAINE-ET-LOIRE;49332;39523
49;MAINE-ET-LOIRE;57532;49057
49;MAINE-ET-LOIRE;45915;37178
49;MAINE-ET-LOIRE;53803;44568
49;MAINE-ET-LOIRE;65598;58166
49;MAINE-ET-LOIRE;59931;50283
50;MANCHE;51381;44124
50;MANCHE;65282;55709
50;MANCHE;53647;45164
50;MANCHE;45465;37017
50;MANCHE;52403;42772
51;MARNE;63780;53719
51;MARNE;66541;55455
51;MARNE;65594;55108
51;MARNE;62531;53058
52;HAUTE-MARNE;65250;56165
52;HAUTE-MARNE;54928;46753
53;MAYENNE;56357;48632
53;MAYENNE;48651;42258
53;MAYENNE;47460;40872
54;MEURTHE-ET-MOSELLE;64460;55012
54;MEURTHE-ET-MOSELLE;63005;53078
54;MEURTHE-ET-MOSELLE;59309;49230
54;MEURTHE-ET-MOSELLE;49246;42152
54;MEURTHE-ET-MOSELLE;39223;33713
54;MEURTHE-ET-MOSELLE;46791;42550
54;MEURTHE-ET-MOSELLE;47415;41782
55;MEUSE;66972;57431
55;MEUSE;53869;46559
56;MORBIHAN;64656;54761
56;MORBIHAN;54048;43661
56;MORBIHAN;53743;45724
56;MORBIHAN;44057;36388
56;MORBIHAN;65365;53297
56;MORBIHAN;54847;45723
57;MOSELLE;79626;67391
57;MOSELLE;54186;45699
57;MOSELLE;65770;57408
57;MOSELLE;56563;49078
57;MOSELLE;67038;57479
57;MOSELLE;55452;48426
57;MOSELLE;46036;40613
57;MOSELLE;54567;47892
58;NIEVRE;56347;49149
58;NIEVRE;53426;45764
58;NIEVRE;46479;39724
59;NORD;45708;40034
59;NORD;53753;45618
59;NORD;44478;38009
59;NORD;41175;36019
59;NORD;56830;51223
59;NORD;54411;49897
59;NORD;76076;68299
59;NORD;63474;56063
59;NORD;72915;65079
59;NORD;68322;62307
59;NORD;88481;73872
59;NORD;41363;37781
59;NORD;46319;42251
59;NORD;69352;61818
59;NORD;58390;52464
59;NORD;58626;52250
59;NORD;45923;41510
59;NORD;53280;46642
59;NORD;70982;62120
59;NORD;71245;63970
59;NORD;38966;34613
59;NORD;51794;45514
59;NORD;44903;40554
60;OISE;52201;45939
60;OISE;56628;49012
60;OISE;53605;46936
60;OISE;71842;62436
60;OISE;48954;42745
61;ORNE;56331;47349
61;ORNE;51582;43694
61;ORNE;61253;52278
62;PAS-DE-CALAIS;60324;54483
62;PAS-DE-CALAIS;53288;48601
62;PAS-DE-CALAIS;52185;47696
62;PAS-DE-CALAIS;51393;45600
62;PAS-DE-CALAIS;51453;45225
62;PAS-DE-CALAIS;56653;50453
62;PAS-DE-CALAIS;59517;49844
62;PAS-DE-CALAIS;58726;53405
62;PAS-DE-CALAIS;55501;49702
62;PAS-DE-CALAIS;50563;44384
62;PAS-DE-CALAIS;52988;47403
62;PAS-DE-CALAIS;53203;46565
62;PAS-DE-CALAIS;45370;40421
62;PAS-DE-CALAIS;53193;47064
63;PUY-DE-DOME;72909;62055
63;PUY-DE-DOME;65403;54876
63;PUY-DE-DOME;49276;40240
63;PUY-DE-DOME;63244;50384
63;PUY-DE-DOME;65002;53376
64;PYRENEES-ATLANTIQUES;97120;80194
64;PYRENEES-ATLANTIQUES;75504;63258
64;PYRENEES-ATLANTIQUES;48416;40168
64;PYRENEES-ATLANTIQUES;86237;72644
65;HAUTES-PYRENEES;68374;55593
65;HAUTES-PYRENEES;70783;59082
66;PYRENEES-ORIENTALES;85761;70120
66;PYRENEES-ORIENTALES;77036;63004
67;BAS-RHIN;53482;41703
67;BAS-RHIN;68192;53463
67;BAS-RHIN;80916;64264
67;BAS-RHIN;60497;50357
67;BAS-RHIN;46662;38936
67;BAS-RHIN;51144;41711
67;BAS-RHIN;48162;39882
67;BAS-RHIN;58792;47971
68;HAUT-RHIN;69417;59107
68;HAUT-RHIN;59106;50159
68;HAUT-RHIN;69792;61249
68;HAUT-RHIN;77475;63014
68;HAUT-RHIN;64392;54779
69;RHONE;63193;51948
69;RHONE;55063;44629
69;RHONE;50076;39847
69;RHONE;67753;53948
69;RHONE;51451;41938
69;RHONE;97229;82030
69;RHONE;90392;76018
69;RHONE;57612;49594
69;RHONE;43236;35886
69;RHONE;47060;37902
70;HAUTE-SAONE;64883;55446
70;HAUTE-SAONE;66927;59126
71;SAONE-ET-LOIRE;68303;54342
71;SAONE-ET-LOIRE;70055;57171
71;SAONE-ET-LOIRE;61949;51881
71;SAONE-ET-LOIRE;62091;50445
71;SAONE-ET-LOIRE;67894;53197
72;SARTHE;52868;45469
72;SARTHE;60572;52017
72;SARTHE;52507;43863
72;SARTHE;56052;48220
72;SARTHE;44851;37616
73;SAVOIE;58448;47419
73;SAVOIE;45026;35733
73;SAVOIE;57764;47150
74;HAUTE-SAVOIE;83399;69588
74;HAUTE-SAVOIE;49092;40204
74;HAUTE-SAVOIE;68533;56573
75;SEINE;52746;43194
75;SEINE;55359;44791
75;SEINE;57496;43518
75;SEINE;47689;37760
75;SEINE;55416;45726
75;SEINE;38860;32234
75;SEINE;53337;42823
75;SEINE;65982;56312
75;SEINE;43936;37682
75;SEINE;57322;48989
75;SEINE;52370;43326
75;SEINE;47499;37880
75;SEINE;40357;34139
75;SEINE;48281;41351
75;SEINE;56890;45997
75;SEINE;46553;38016
75;SEINE;58346;46904
75;SEINE;43508;35054
75;SEINE;51763;41613
75;SEINE;67179;53861
75;SEINE;57245;45259
75;SEINE;40445;33138
75;SEINE;45685;37235
75;SEINE;43004;35135
75;SEINE;53601;44063
75;SEINE;45975;37762
75;SEINE;43536;35747
75;SEINE;41450;35185
75;SEINE;40175;34407
75;SEINE;43783;37328
75;SEINE;63527;54476
75;SEINE;63913;53840
75;SEINE;59384;51412
75;SEINE;65124;55298
75;SEINE;53007;45543
75;SEINE;65610;56771
75;SEINE;68036;57799
75;SEINE;67969;59473
75;SEINE;70738;62200
75;SEINE;46428;40044
75;SEINE;66775;57105
75;SEINE;62688;54702
75;SEINE;83310;72357
75;SEINE;65822;55371
75;SEINE;69441;58117
75;SEINE;70261;61217
75;SEINE;71339;62458
75;SEINE;78064;66821
75;SEINE;69710;60388
75;SEINE;68729;60495
75;SEINE;74054;64125
75;SEINE;72602;64084
75;SEINE;88161;76406
75;SEINE;90922;80190
75;SEINE;67329;59309
76;SEINE-MARITIME;63011;51698
76;SEINE-MARITIME;67062;57721
76;SEINE-MARITIME;67416;57304
76;SEINE-MARITIME;64406;54971
76;SEINE-MARITIME;63935;53728
76;SEINE-MARITIME;79872;68819
76;SEINE-MARITIME;59943;51618
76;SEINE-MARITIME;50645;43286
76;SEINE-MARITIME;55824;48039
76;SEINE-MARITIME;48113;40754
77;SEINE-ET-MARNE;76086;64899
77;SEINE-ET-MARNE;71391;61252
77;SEINE-ET-MARNE;62161;52532
77;SEINE-ET-MARNE;55308;46742
77;SEINE-ET-MARNE;58898;50057
78;YVELINES;66349;57926
78;YVELINES;77781;66534
78;YVELINES;90497;77955
78;YVELINES;88898;75269
78;YVELINES;91426;79344
78;YVELINES;71303;61481
78;YVELINES;72023;61376
78;YVELINES;58219;50327
78;YVELINES;72021;63023
78;YVELINES;86274;74953
78;YVELINES;89048;76995
78;YVELINES;100009;86799
78;YVELINES;72748;63210
78;YVELINES;75216;65471
78;YVELINES;109553;94895
78;YVELINES;76440;66250
78;YVELINES;57495;49761
78;YVELINES;58012;50852
79;DEUX-SEVRES;77442;64812
79;DEUX-SEVRES;66488;56641
79;DEUX-SEVRES;55732;48834
80;SOMME;73212;65530
80;SOMME;53153;47573
80;SOMME;56624;51545
80;SOMME;54409;48754
80;SOMME;59139;53161
81;TARN;72954;64353
81;TARN;68816;61085
81;TARN;66102;58014
82;TARN-ET-GARONNE;53827;47073
82;TARN-ET-GARONNE;57432;49846
83;VAR;70131;59763
83;VAR;76712;63647
83;VAR;73969;58376
83;VAR;92180;76516
84;VAUCLUSE;72778;63120
84;VAUCLUSE;60526;51626
84;VAUCLUSE;60931;52406
85;VENDEE;59434;52516
85;VENDEE;62243;53401
85;VENDEE;69700;58688
85;VENDEE;62749;56402
86;VIENNE;74335;62685
86;VIENNE;63057;52663
86;VIENNE;69360;57910
87;HAUTE-VIENNE;79261;68252
87;HAUTE-VIENNE;65390;55681
87;HAUTE-VIENNE;82083;69614
88;VOSGES;69000;59222
88;VOSGES;52482;43908
88;VOSGES;52902;45009
88;VOSGES;55808;47523
89;YONNE;53561;44609
89;YONNE;53875;45359
89;YONNE;65071;55285
90;TERRITOIRE DE BELFORT;37102;31201
90;TERRITOIRE DE BELFORT;27118;23076