Code_departement;departement;Inscrits;Votants
01;AIN;70626;50032
01;AIN;71414;52908
01;AIN;60199;45033
02;AISNE;53744;43743
02;AISNE;70178;56333
02;AISNE;48147;39223
02;AISNE;54454;44390
02;AISNE;70215;55576
03;ALLIER;55628;42604
03;ALLIER;64589;51330
03;ALLIER;56221;43891
03;ALLIER;67341;51607
04;ALPES-DE-HAUTE-PROVENCE;32051;24295
04;ALPES-DE-HAUTE-PROVENCE;33434;25811
05;HAUTES-ALPES;32404;24797
05;HAUTES-ALPES;26330;18864
06;ALPES-MARITIMES;59792;46857
06;ALPES-MARITIMES;67861;52896
06;ALPES-MARITIMES;71870;54812
06;ALPES-MARITIMES;64286;48639
06;ALPES-MARITIMES;80844;61138
06;ALPES-MARITIMES;81929;61066
07;ARDECHE;58527;45881
07;ARDECHE;57900;45315
07;ARDECHE;50730;38694
08;ARDENNES;54038;42020
08;ARDENNES;60128;46681
08;ARDENNES;52540;41336
09;ARIEGE;45350;34769
09;ARIEGE;49483;37364
10;AUBE;44712;35228
10;AUBE;52104;40733
10;AUBE;59176;46803
11;AUDE;59003;47582
11;AUDE;64955;51100
11;AUDE;52947;43111
12;AVEYRON;63249;50937
12;AVEYRON;59483;47859
12;AVEYRON;65882;52734
13;BOUCHES-DU-RHONE;48435;32449
13;BOUCHES-DU-RHONE;81935;59551
13;BOUCHES-DU-RHONE;57762;39742
13;BOUCHES-DU-RHONE;63356;45654
13;BOUCHES-DU-RHONE;56505;40425
13;BOUCHES-DU-RHONE;63577;48307
13;BOUCHES-DU-RHONE;50978;36274
13;BOUCHES-DU-RHONE;80080;59801
13;BOUCHES-DU-RHONE;82525;63517
13;BOUCHES-DU-RHONE;106820;82023
13;BOUCHES-DU-RHONE;75879;59819
14;CALVADOS;92379;73271
14;CALVADOS;51073;40227
14;CALVADOS;57490;45176
14;CALVADOS;43720;34115
14;CALVADOS;48463;39042
15;CANTAL;57835;44527
15;CANTAL;52525;40135
16;CHARENTE;81775;62670
16;CHARENTE;59907;45722
16;CHARENTE;65339;51186
17;CHARENTE-MARITIME;70479;53341
17;CHARENTE-MARITIME;43994;32509
17;CHARENTE-MARITIME;46262;34193
17;CHARENTE-MARITIME;68994;51043
17;CHARENTE-MARITIME;67386;50453
18;CHER;65836;51159
18;CHER;64571;51318
18;CHER;57175;43781
19;CORREZE;55008;43185
19;CORREZE;62665;51634
19;CORREZE;44185;35811
20;CORSE;63298;37054
20;CORSE;52348;34814
20;CORSE;65718;39079
21;COTE-D'OR;72064;54109
21;COTE-D'OR;67425;50569
21;COTE-D'OR;51100;38427
21;COTE-D'OR;48505;38227
22;COTES-D'ARMOR;82359;66510
22;COTES-D'ARMOR;63721;50478
22;COTES-D'ARMOR;56905;46390
22;COTES-D'ARMOR;60089;48433
22;COTES-D'ARMOR;68393;54595
23;CREUSE;52031;36804
23;CREUSE;58741;41358
24;DORDOGNE;65386;53562
24;DORDOGNE;60776;48844
24;DORDOGNE;64471;51889
24;DORDOGNE;62958;50811
25;DOUBS;84579;65284
25;DOUBS;88716;67846
25;DOUBS;55791;45223
26;DROME;72757;54258
26;DROME;62524;48512
26;DROME;67857;51020
27;EURE;65666;52533
27;EURE;48590;38102
27;EURE;53161;42767
27;EURE;54422;45454
28;EURE-ET-LOIR;61716;50404
28;EURE-ET-LOIR;59324;47417
28;EURE-ET-LOIR;58737;46614
29;FINISTERE;65650;52167
29;FINISTERE;87479;64750
29;FINISTERE;60734;51189
29;FINISTERE;55775;45787
29;FINISTERE;57801;48019
29;FINISTERE;58927;45457
29;FINISTERE;52977;40780
29;FINISTERE;61197;47924
30;GARD;76373;54597
30;GARD;94557;72375
30;GARD;68275;54592
30;GARD;48514;37687
31;HAUTE-GARONNE;57905;44823
31;HAUTE-GARONNE;68119;52548
31;HAUTE-GARONNE;73871;57775
31;HAUTE-GARONNE;75072;58922
31;HAUTE-GARONNE;66872;53780
31;HAUTE-GARONNE;56910;40999
32;GERS;60273;45306
32;GERS;54846;41523
33;GIRONDE;78563;60308
33;GIRONDE;40203;29875
33;GIRONDE;53084;39290
33;GIRONDE;59879;45491
33;GIRONDE;57709;44105
33;GIRONDE;77242;59024
33;GIRONDE;67706;52619
33;GIRONDE;59714;46118
33;GIRONDE;55971;43135
33;GIRONDE;47435;35195
34;HERAULT;81097;61451
34;HERAULT;74682;57306
34;HERAULT;65203;49751
34;HERAULT;67877;51726
34;HERAULT;50556;37539
35;ILLE-ET-VILAINE;79952;61519
35;ILLE-ET-VILAINE;90458;71019
35;ILLE-ET-VILAINE;45628;38620
35;ILLE-ET-VILAINE;48985;38502
35;ILLE-ET-VILAINE;48825;40929
35;ILLE-ET-VILAINE;78520;62623
36;INDRE;53725;41792
36;INDRE;54917;41391
36;INDRE;52690;40838
37;INDRE-ET-LOIRE;71216;53978
37;INDRE-ET-LOIRE;57705;44175
37;INDRE-ET-LOIRE;58988;46743
37;INDRE-ET-LOIRE;65608;51183
38;ISERE;61018;45722
38;ISERE;86628;64862
38;ISERE;61056;45699
38;ISERE;56411;41767
38;ISERE;68197;52720
38;ISERE;55118;42252
38;ISERE;69284;50611
39;JURA;72414;54049
39;JURA;72064;55126
40;LANDES;58900;47477
40;LANDES;67830;55481
40;LANDES;53969;43834
41;LOIR-ET-CHER;61524;48625
41;LOIR-ET-CHER;54371;42417
41;LOIR-ET-CHER;49479;39155
42;LOIRE;54929;38868
42;LOIRE;72539;51417
42;LOIRE;64069;49101
42;LOIRE;53680;40527
42;LOIRE;61216;46200
42;LOIRE;47527;36498
42;LOIRE;63444;48573
43;HAUTE-LOIRE;70510;53334
43;HAUTE-LOIRE;67467;50345
44;LOIRE-ATLANTIQUE;84710;64717
44;LOIRE-ATLANTIQUE;63991;48910
44;LOIRE-ATLANTIQUE;60695;48639
44;LOIRE-ATLANTIQUE;68233;57018
44;LOIRE-ATLANTIQUE;49422;40271
44;LOIRE-ATLANTIQUE;70955;55556
44;LOIRE-ATLANTIQUE;50714;41894
44;LOIRE-ATLANTIQUE;58877;49600
45;LOIRET;64044;50977
45;LOIRET;66120;53272
45;LOIRET;59080;47801
45;LOIRET;62766;49146
46;LOT;51741;42200
46;LOT;49674;40872
47;LOT-ET-GARONNE;67084;52943
47;LOT-ET-GARONNE;54410;44182
47;LOT-ET-GARONNE;56864;45559
48;LOZERE;29397;22151
48;LOZERE;23868;18706
49;MAINE-ET-LOIRE;51273;38336
49;MAINE-ET-LOIRE;58947;47489
49;MAINE-ET-LOIRE;48015;35748
49;MAINE-ET-LOIRE;51846;40640
49;MAINE-ET-LOIRE;68700;58732
49;MAINE-ET-LOIRE;61312;48635
50;MANCHE;52382;41109
50;MANCHE;65244;51767
50;MANCHE;54069;41854
50;MANCHE;45507;34650
50;MANCHE;53222;40172
51;MARNE;65940;51439
51;MARNE;69948;54510
51;MARNE;67963;52625
51;MARNE;63908;50475
52;HAUTE-MARNE;66702;52529
52;HAUTE-MARNE;55923;43709
53;MAYENNE;58222;47948
53;MAYENNE;48981;40818
53;MAYENNE;47354;39029
54;MEURTHE-ET-MOSELLE;67021;51437
54;MEURTHE-ET-MOSELLE;67422;51335
54;MEURTHE-ET-MOSELLE;59124;44758
54;MEURTHE-ET-MOSELLE;49327;38580
54;MEURTHE-ET-MOSELLE;39786;31593
54;MEURTHE-ET-MOSELLE;47314;37875
54;MEURTHE-ET-MOSELLE;48219;37292
55;MEUSE;67279;52766
55;MEUSE;53735;42643
56;MORBIHAN;66735;54305
56;MORBIHAN;54285;42130
56;MORBIHAN;53820;44517
56;MORBIHAN;43817;35037
56;MORBIHAN;67745;51855
56;MORBIHAN;53942;42316
57;MOSELLE;84307;64833
57;MOSELLE;55449;42990
57;MOSELLE;67243;51775
57;MOSELLE;59799;45323
57;MOSELLE;69778;52044
57;MOSELLE;57044;42443
57;MOSELLE;46873;36594
57;MOSELLE;54843;44018
58;NIEVRE;56979;43895
58;NIEVRE;53698;41955
58;NIEVRE;45782;35215
59;NORD;46351;37086
59;NORD;52501;39340
59;NORD;44465;34703
59;NORD;42758;33908
59;NORD;58639;48719
59;NORD;56201;48540
59;NORD;79175;65557
59;NORD;61310;50218
59;NORD;74762;62227
59;NORD;70909;61429
59;NORD;90388;72260
59;NORD;41442;36701
59;NORD;46946;41064
59;NORD;70493;58218
59;NORD;59860;49981
59;NORD;60139;50042
59;NORD;45315;38743
59;NORD;54728;44627
59;NORD;71924;58070
59;NORD;71263;59678
59;NORD;38910;32362
59;NORD;52654;43031
59;NORD;45290;38201
60;OISE;55114;45576
60;OISE;58451;46880
60;OISE;55408;44875
60;OISE;74947;59641
60;OISE;50402;41549
61;ORNE;57006;45142
61;ORNE;51001;40368
61;ORNE;62254;49326
62;PAS-DE-CALAIS;63332;53428
62;PAS-DE-CALAIS;53824;46314
62;PAS-DE-CALAIS;52785;45479
62;PAS-DE-CALAIS;52950;44025
62;PAS-DE-CALAIS;52595;43591
62;PAS-DE-CALAIS;57800;48859
62;PAS-DE-CALAIS;61679;46958
62;PAS-DE-CALAIS;60563;52181
62;PAS-DE-CALAIS;56196;46442
62;PAS-DE-CALAIS;51018;41472
62;PAS-DE-CALAIS;53884;45084
62;PAS-DE-CALAIS;55293;44729
62;PAS-DE-CALAIS;46135;38090
62;PAS-DE-CALAIS;54768;44561
63;PUY-DE-DOME;78898;61604
63;PUY-DE-DOME;67438;52785
63;PUY-DE-DOME;50291;37620
63;PUY-DE-DOME;62402;44937
63;PUY-DE-DOME;64837;49215
64;PYRENEES-ATLANTIQUES;101330;77179
64;PYRENEES-ATLANTIQUES;76195;59736
64;PYRENEES-ATLANTIQUES;48343;37838
64;PYRENEES-ATLANTIQUES;89404;70572
65;HAUTES-PYRENEES;68712;51252
65;HAUTES-PYRENEES;72598;56040
66;PYRENEES-ORIENTALES;92325;67631
66;PYRENEES-ORIENTALES;77584;57211
67;BAS-RHIN;52002;36070
67;BAS-RHIN;67524;46384
67;BAS-RHIN;84656;59923
67;BAS-RHIN;60200;48055
67;BAS-RHIN;46939;36766
67;BAS-RHIN;51121;37579
67;BAS-RHIN;48345;37130
67;BAS-RHIN;60086;45623
68;HAUT-RHIN;69269;53893
68;HAUT-RHIN;59287;45878
68;HAUT-RHIN;69923;56827
68;HAUT-RHIN;76687;55360
68;HAUT-RHIN;68345;51479
69;RHONE;63080;47946
69;RHONE;55293;41982
69;RHONE;47761;34984
69;RHONE;62315;47915
69;RHONE;48120;46545
69;RHONE;111330;85618
69;RHONE;100072;79563
69;RHONE;59925;48838
69;RHONE;43228;34479
69;RHONE;48248;36677
70;HAUTE-SAONE;65558;51877
70;HAUTE-SAONE;67646;54073
71;SAONE-ET-LOIRE;69634;49904
71;SAONE-ET-LOIRE;70756;53396
71;SAONE-ET-LOIRE;61836;47799
71;SAONE-ET-LOIRE;62776;46873
71;SAONE-ET-LOIRE;69458;49155
72;SARTHE;53377;41906
72;SARTHE;63242;49360
72;SARTHE;53189;40881
72;SARTHE;58259;45718
72;SARTHE;44929;35830
73;SAVOIE;60410;44596
73;SAVOIE;46784;33119
73;SAVOIE;59744;44909
74;HAUTE-SAVOIE;88563;66054
74;HAUTE-SAVOIE;50877;37502
74;HAUTE-SAVOIE;73182;52925
75;PARIS;48401;36133
75;PARIS;49487;36494
75;PARIS;53434;37513
75;PARIS;41656;32437
75;PARIS;52084;40811
75;PARIS;35642;27818
75;PARIS;47047;36028
75;PARIS;61789;47553
75;PARIS;40721;31229
75;PARIS;54536;41850
75;PARIS;48568;38078
75;PARIS;42180;31980
75;PARIS;39535;29302
75;PARIS;49044;37307
75;PARIS;51435;39874
75;PARIS;41654;31854
75;PARIS;54216;41447
75;PARIS;39518;30403
75;PARIS;47600;36077
75;PARIS;63002;49529
75;PARIS;52407;41360
75;PARIS;38361;30031
75;PARIS;42987;32695
75;PARIS;40435;29632
75;PARIS;49386;37518
75;PARIS;41629;31410
75;PARIS;39633;29543
75;PARIS;39110;29743
75;PARIS;38337;29588
75;PARIS;41566;32120
75;PARIS;60344;46470
76;SEINE-MARITIME;63237;47708
76;SEINE-MARITIME;70987;56624
76;SEINE-MARITIME;68331;52976
76;SEINE-MARITIME;68898;54395
76;SEINE-MARITIME;65608;52140
76;SEINE-MARITIME;82393;65316
76;SEINE-MARITIME;61320;49157
76;SEINE-MARITIME;51058;41221
76;SEINE-MARITIME;57857;46261
76;SEINE-MARITIME;48140;37698
77;SEINE-ET-MARNE;83121;65829
77;SEINE-ET-MARNE;75156;59238
77;SEINE-ET-MARNE;64820;50940
77;SEINE-ET-MARNE;57024;45407
77;SEINE-ET-MARNE;61082;48446
78;YVELINES;57536;45608
78;YVELINES;66576;53964
78;YVELINES;78845;62768
78;YVELINES;47219;38728
78;YVELINES;49114;39952
78;YVELINES;44897;36178
78;YVELINES;55900;46220
78;YVELINES;55964;45948
79;DEUX-SEVRES;79120;60402
79;DEUX-SEVRES;65903;52297
79;DEUX-SEVRES;56674;46981
80;SOMME;75748;62739
80;SOMME;54110;45212
80;SOMME;57954;49710
80;SOMME;55100;47093
80;SOMME;60065;50679
81;TARN;74701;61357
81;TARN;70201;58852
81;TARN;66554;55254
82;TARN-ET-GARONNE;54574;44604
82;TARN-ET-GARONNE;58319;46327
83;VAR;73158;56904
83;VAR;83239;61877
83;VAR;75653;54114
83;VAR;96973;72396
84;VAUCLUSE;76563;60703
84;VAUCLUSE;64318;50111
84;VAUCLUSE;62972;49977
85;VENDEE;61460;51920
85;VENDEE;62418;49530
85;VENDEE;71971;55825
85;VENDEE;64471;56680
86;VIENNE;76259;59835
86;VIENNE;62972;48305
86;VIENNE;68846;54280
87;HAUTE-VIENNE;79591;61478
87;HAUTE-VIENNE;64981;50726
87;HAUTE-VIENNE;83832;65129
88;VOSGES;70349;55094
88;VOSGES;53049;39582
88;VOSGES;53701;42203
88;VOSGES;56403;44364
89;YONNE;54435;41629
89;YONNE;54103;42672
89;YONNE;66427;52355
90;TERRITOIRE DE BELFORT;37765;28100
90;TERRITOIRE DE BELFORT;27527;20997
91;ESSONNE;84936;69318
91;ESSONNE;89147;73118
91;ESSONNE;112499;98252
91;ESSONNE;62297;51528
92;HAUTS-DE-SEINE;28708;22994
92;HAUTS-DE-SEINE;46672;37125
92;HAUTS-DE-SEINE;63400;50851
92;HAUTS-DE-SEINE;63715;50273
92;HAUTS-DE-SEINE;50720;40536
92;HAUTS-DE-SEINE;61405;49355
92;HAUTS-DE-SEINE;59073;47541
92;HAUTS-DE-SEINE;54857;44393
92;HAUTS-DE-SEINE;57468;45475
92;HAUTS-DE-SEINE;61452;48271
92;HAUTS-DE-SEINE;66511;53972
92;HAUTS-DE-SEINE;94342;77592
92;HAUTS-DE-SEINE;89552;71774
93;SEINE-SAINT-DENIS;64644;53220
93;SEINE-SAINT-DENIS;43959;35964
93;SEINE-SAINT-DENIS;66414;52922
93;SEINE-SAINT-DENIS;62979;50989
93;SEINE-SAINT-DENIS;84767;67895
93;SEINE-SAINT-DENIS;62477;48514
93;SEINE-SAINT-DENIS;69062;54405
93;SEINE-SAINT-DENIS;77783;62765
93;SEINE-SAINT-DENIS;96845;76788
94;VAL-DE-MARNE;71861;57795
94;VAL-DE-MARNE;77682;62632
94;VAL-DE-MARNE;70488;57214
94;VAL-DE-MARNE;69398;54645
94;VAL-DE-MARNE;81845;64058
94;VAL-DE-MARNE;73478;60119
94;VAL-DE-MARNE;69225;55250
94;VAL-DE-MARNE;81458;65161
95;VAL-D'OISE;68001;55062
95;VAL-D'OISE;56444;45539
95;VAL-D'OISE;57995;46173
95;VAL-D'OISE;83852;67749
95;VAL-D'OISE;95271;76320