Code_departement;departement;Inscrits;Votants
1;AIN;76665;61346
1;AIN;76349;61492
1;AIN;73391;57678
1;AIN;87854;71017
2;AISNE;70525;57518
2;AISNE;74955;61277
2;AISNE;74949;61331
2;AISNE;77213;61927
2;AISNE;74297;59937
3;ALLIER;59098;47114
3;ALLIER;68594;54288
3;ALLIER;71591;58823
3;ALLIER;64722;51650
4;ALPES-DE-HAUTE-PROVENCE;51127;40680
4;ALPES-DE-HAUTE-PROVENCE;52747;42081
5;HAUTES-ALPES;49556;39835
5;HAUTES-ALPES;39163;30890
6;ALPES-MARITIMES;63021;44546
6;ALPES-MARITIMES;69589;49202
6;ALPES-MARITIMES;73419;52938
6;ALPES-MARITIMES;70476;53880
6;ALPES-MARITIMES;81305;61518
6;ALPES-MARITIMES;87723;69046
6;ALPES-MARITIMES;85511;66409
6;ALPES-MARITIMES;60675;47393
6;ALPES-MARITIMES;89051;69450
7;ARDECHE;66320;53868
7;ARDECHE;79803;64834
7;ARDECHE;65124;52590
8;ARDENNES;70480;56131
8;ARDENNES;64517;49658
8;ARDENNES;59302;46635
9;ARIEGE;53480;43201
9;ARIEGE;54746;45064
10;AUBE;54584;44327
10;AUBE;67726;54734
10;AUBE;70479;56095
11;AUDE;65078;54029
11;AUDE;90358;73973
11;AUDE;70539;58984
12;AVEYRON;70151;58764
12;AVEYRON;72731;60377
12;AVEYRON;69910;58407
13;BOUCHES-DU-RHONE;57760;42157
13;BOUCHES-DU-RHONE;59349;45099
13;BOUCHES-DU-RHONE;46391;32470
13;BOUCHES-DU-RHONE;46557;32240
13;BOUCHES-DU-RHONE;50020;36024
13;BOUCHES-DU-RHONE;63122;46912
13;BOUCHES-DU-RHONE;50347;35590
13;BOUCHES-DU-RHONE;62616;46314
13;BOUCHES-DU-RHONE;78979;60767
13;BOUCHES-DU-RHONE;101780;80072
13;BOUCHES-DU-RHONE;80890;64689
13;BOUCHES-DU-RHONE;91096;72851
13;BOUCHES-DU-RHONE;77351;61542
13;BOUCHES-DU-RHONE;84809;66919
13;BOUCHES-DU-RHONE;80540;65066
13;BOUCHES-DU-RHONE;77335;60959
14;CALVADOS;67061;52928
14;CALVADOS;63458;50381
14;CALVADOS;69900;56763
14;CALVADOS;70613;57213
14;CALVADOS;87205;70557
14;CALVADOS;79045;66062
15;CANTAL;64088;52673
15;CANTAL;61574;49628
16;CHARENTE;61709;48524
16;CHARENTE;61309;48617
16;CHARENTE;70120;57233
16;CHARENTE;61398;49147
17;CHARENTE-MARITIME;81255;64694
17;CHARENTE-MARITIME;76505;60037
17;CHARENTE-MARITIME;76834;60767
17;CHARENTE-MARITIME;80091;63155
17;CHARENTE-MARITIME;82401;64866
18;CHER;74846;59670
18;CHER;68500;54187
18;CHER;85640;68168
19;CORREZE;65970;56965
19;CORREZE;64150;54312
19;CORREZE;55014;47580
2A;CORSE-DU-SUD;38272;25865
2A;CORSE-DU-SUD;42828;28987
2B;HAUTE-CORSE;44224;30134
2B;HAUTE-CORSE;54723;35611
21;COTE-D'OR;63371;51310
21;COTE-D'OR;57889;46162
21;COTE-D'OR;61781;49458
21;COTE-D'OR;68526;55014
21;COTE-D'OR;75381;60553
22;COTES-D'ARMOR;82413;67213
22;COTES-D'ARMOR;82935;70500
22;COTES-D'ARMOR;82147;70261
22;COTES-D'ARMOR;79620;67223
22;COTES-D'ARMOR;93581;76196
23;CREUSE;53088;41696
23;CREUSE;52713;42068
24;DORDOGNE;72938;59749
24;DORDOGNE;76324;62649
24;DORDOGNE;72663;61384
24;DORDOGNE;81164;68055
25;DOUBS;61741;50776
25;DOUBS;67646;55673
25;DOUBS;63905;52059
25;DOUBS;65572;52081
25;DOUBS;67074;56079
26;DROME;66120;52238
26;DROME;68942;55978
26;DROME;83211;67203
26;DROME;74024;58635
27;EURE;74776;59952
27;EURE;66726;54079
27;EURE;70266;57037
27;EURE;71895;58172
27;EURE;75670;61569
28;EURE-ET-LOIR;75175;60795
28;EURE-ET-LOIR;64692;50397
28;EURE-ET-LOIR;68619;55033
28;EURE-ET-LOIR;64685;53196
29;FINISTERE;74642;62181
29;FINISTERE;71055;55703
29;FINISTERE;84202;68713
29;FINISTERE;77827;64460
29;FINISTERE;80670;67605
29;FINISTERE;84884;69387
29;FINISTERE;76554;61062
29;FINISTERE;75716;60956
30;GARD;75425;58509
30;GARD;93378;75200
30;GARD;93521;76235
30;GARD;78615;63516
30;GARD;79355;64576
31;HAUTE-GARONNE;62400;46624
31;HAUTE-GARONNE;90948;74270
31;HAUTE-GARONNE;74542;60987
31;HAUTE-GARONNE;50866;37652
31;HAUTE-GARONNE;104999;88132
31;HAUTE-GARONNE;95518;79024
31;HAUTE-GARONNE;96473;82577
31;HAUTE-GARONNE;78720;63217
32;GERS;71147;58262
32;GERS;65478;53726
33;GIRONDE;71543;56417
33;GIRONDE;52587;40087
33;GIRONDE;65106;51013
33;GIRONDE;73657;58995
33;GIRONDE;80294;64342
33;GIRONDE;74766;60808
33;GIRONDE;83388;67310
33;GIRONDE;92741;74995
33;GIRONDE;87693;72206
33;GIRONDE;73115;59166
33;GIRONDE;72946;59040
34;HERAULT;63589;49649
34;HERAULT;56699;44606
34;HERAULT;98121;80086
34;HERAULT;104532;86167
34;HERAULT;82904;67293
34;HERAULT;77409;61912
34;HERAULT;93482;74695
35;ILLE-ET-VILAINE;71778;56447
35;ILLE-ET-VILAINE;84028;68525
35;ILLE-ET-VILAINE;78440;64093
35;ILLE-ET-VILAINE;87647;73094
35;ILLE-ET-VILAINE;99216;83046
35;ILLE-ET-VILAINE;71146;59976
35;ILLE-ET-VILAINE;89173;71726
36;INDRE;55729;44459
36;INDRE;65437;52870
36;INDRE;59539;48215
37;INDRE-ET-LOIRE;54754;41001
37;INDRE-ET-LOIRE;78674;64302
37;INDRE-ET-LOIRE;85200;69550
37;INDRE-ET-LOIRE;80051;63502
37;INDRE-ET-LOIRE;70596;56754
38;ISERE;75579;60057
38;ISERE;65481;52791
38;ISERE;55961;43563
38;ISERE;73840;58888
38;ISERE;74375;60204
38;ISERE;84305;66122
38;ISERE;81142;64571
38;ISERE;87412;70075
38;ISERE;74693;60384
39;JURA;61705;49756
39;JURA;51527;41632
39;JURA;64574;53599
40;LANDES;80200;65605
40;LANDES;87078;70910
40;LANDES;77639;65943
41;LOIR-ET-CHER;84876;68853
41;LOIR-ET-CHER;74835;61153
41;LOIR-ET-CHER;68497;56315
42;LOIRE;69592;53104
42;LOIRE;56134;41366
42;LOIRE;73336;59524
42;LOIRE;69939;54061
42;LOIRE;68683;55005
42;LOIRE;63290;51570
42;LOIRE;85533;69411
43;HAUTE-LOIRE;81474;66981
43;HAUTE-LOIRE;78473;63299
44;LOIRE-ATLANTIQUE;68402;53089
44;LOIRE-ATLANTIQUE;74085;55597
44;LOIRE-ATLANTIQUE;80550;62983
44;LOIRE-ATLANTIQUE;69938;56663
44;LOIRE-ATLANTIQUE;92105;76808
44;LOIRE-ATLANTIQUE;67967;56377
44;LOIRE-ATLANTIQUE;86591;71057
44;LOIRE-ATLANTIQUE;74803;57178
44;LOIRE-ATLANTIQUE;76136;63101
44;LOIRE-ATLANTIQUE;77763;66105
45;LOIRET;72869;59692
45;LOIRET;74622;59566
45;LOIRET;78939;64164
45;LOIRET;87499;70372
45;LOIRET;81289;66632
46;LOT;63667;53582
46;LOT;67842;57313
47;LOT-ET-GARONNE;77363;63372
47;LOT-ET-GARONNE;74754;62463
47;LOT-ET-GARONNE;72868;59176
48;LOZERE;30806;25359
48;LOZERE;26895;22802
49;MAINE-ET-LOIRE;72242;58932
49;MAINE-ET-LOIRE;76215;63459
49;MAINE-ET-LOIRE;61893;49775
49;MAINE-ET-LOIRE;67408;54650
49;MAINE-ET-LOIRE;68231;57190
49;MAINE-ET-LOIRE;78473;66623
49;MAINE-ET-LOIRE;65253;54331
50;MANCHE;71038;58278
50;MANCHE;74445;61986
50;MANCHE;70311;56386
50;MANCHE;66031;53667
50;MANCHE;69943;55597
51;MARNE;56400;42285
51;MARNE;62848;49110
51;MARNE;59602;46524
51;MARNE;59007;45503
51;MARNE;61540;50255
51;MARNE;67091;52185
52;HAUTE-MARNE;78092;61834
52;HAUTE-MARNE;67889;52998
53;MAYENNE;75839;62396
53;MAYENNE;61869;51960
53;MAYENNE;68689;57596
54;MEURTHE-ET-MOSELLE;50004;38910
54;MEURTHE-ET-MOSELLE;75320;59955
54;MEURTHE-ET-MOSELLE;58736;45539
54;MEURTHE-ET-MOSELLE;74979;59394
54;MEURTHE-ET-MOSELLE;67932;54773
54;MEURTHE-ET-MOSELLE;73944;58331
54;MEURTHE-ET-MOSELLE;69770;52879
55;MEUSE;79189;64399
55;MEUSE;61645;48858
56;MORBIHAN;82652;69298
56;MORBIHAN;76664;62824
56;MORBIHAN;72855;61978
56;MORBIHAN;78541;65871
56;MORBIHAN;81041;62366
56;MORBIHAN;80528;67084
57;MOSELLE;68141;53699
57;MOSELLE;69470;54515
57;MOSELLE;66846;52064
57;MOSELLE;66398;54811
57;MOSELLE;71900;56377
57;MOSELLE;70932;52449
57;MOSELLE;73634;58174
57;MOSELLE;69201;55379
57;MOSELLE;66721;51403
57;MOSELLE;67073;51676
58;NIEVRE;56339;44871
58;NIEVRE;60095;48002
58;NIEVRE;57563;45950
59;NORD;56828;42433
59;NORD;68653;53750
59;NORD;57818;43918
59;NORD;66202;52451
59;NORD;80184;65050
59;NORD;70575;59337
59;NORD;67138;52164
59;NORD;67119;50256
59;NORD;64222;49697
59;NORD;70406;55347
59;NORD;80288;64874
59;NORD;67582;54643
59;NORD;64645;50553
59;NORD;66723;56639
59;NORD;66447;55443
59;NORD;77495;62903
59;NORD;73292;57313
59;NORD;76860;63542
59;NORD;77062;62545
59;NORD;78236;61709
59;NORD;75297;59352
59;NORD;73348;61128
59;NORD;66938;51298
59;NORD;64502;51596
60;OISE;72120;60141
60;OISE;74963;62021
60;OISE;65453;51688
60;OISE;79056;63086
60;OISE;63631;52223
60;OISE;66075;53975
60;OISE;67139;54303
61;ORNE;71961;58357
61;ORNE;68423;55950
61;ORNE;73306;60552
62;PAS-DE-CALAIS;75859;64381
62;PAS-DE-CALAIS;70605;60039
62;PAS-DE-CALAIS;69518;61485
62;PAS-DE-CALAIS;72846;59707
62;PAS-DE-CALAIS;61079;48227
62;PAS-DE-CALAIS;68877;54166
62;PAS-DE-CALAIS;77616;60834
62;PAS-DE-CALAIS;63989;53817
62;PAS-DE-CALAIS;76277;63000
62;PAS-DE-CALAIS;73037;57644
62;PAS-DE-CALAIS;87536;72128
62;PAS-DE-CALAIS;76136;59988
62;PAS-DE-CALAIS;70944;55582
62;PAS-DE-CALAIS;71996;57076
63;PUY-DE-DOME;58449;47122
63;PUY-DE-DOME;68880;56640
63;PUY-DE-DOME;69646;56912
63;PUY-DE-DOME;70505;57664
63;PUY-DE-DOME;65472;52611
63;PUY-DE-DOME;82693;68106
64;PYRENEES-ATLANTIQUES;62565;48974
64;PYRENEES-ATLANTIQUES;64913;53049
64;PYRENEES-ATLANTIQUES;75616;61732
64;PYRENEES-ATLANTIQUES;79479;64308
64;PYRENEES-ATLANTIQUES;71930;56253
64;PYRENEES-ATLANTIQUES;78198;60964
65;HAUTES-PYRENEES;59356;47520
65;HAUTES-PYRENEES;61731;49857
65;HAUTES-PYRENEES;52595;41484
66;PYRENEES-ORIENTALES;57331;45647
66;PYRENEES-ORIENTALES;75854;60765
66;PYRENEES-ORIENTALES;60332;46874
66;PYRENEES-ORIENTALES;73338;58783
67;BAS-RHIN;50674;38555
67;BAS-RHIN;51550;38802
67;BAS-RHIN;64276;47447
67;BAS-RHIN;100019;80092
67;BAS-RHIN;85825;69209
67;BAS-RHIN;69315;56437
67;BAS-RHIN;75251;61718
67;BAS-RHIN;65300;52558
67;BAS-RHIN;91461;74113
68;HAUT-RHIN;63143;50030
68;HAUT-RHIN;68148;55391
68;HAUT-RHIN;73833;61040
68;HAUT-RHIN;65379;51701
68;HAUT-RHIN;53341;40683
68;HAUT-RHIN;69012;54000
68;HAUT-RHIN;65576;52929
69;RHONE;56837;45018
69;RHONE;64505;50335
69;RHONE;58842;45850
69;RHONE;64420;50971
69;RHONE;77443;63128
69;RHONE;65507;51182
69;RHONE;57625;45109
69;RHONE;71588;58548
69;RHONE;69433;55382
69;RHONE;73411;61495
69;RHONE;68145;55683
69;RHONE;67842;54949
69;RHONE;79159;64554
69;RHONE;47938;37624
70;HAUTE-SAONE;60494;49706
70;HAUTE-SAONE;58022;47783
70;HAUTE-SAONE;51622;41858
71;SAONE-ET-LOIRE;61813;48444
71;SAONE-ET-LOIRE;64869;51493
71;SAONE-ET-LOIRE;69042;55194
71;SAONE-ET-LOIRE;63164;48906
71;SAONE-ET-LOIRE;61570;47977
71;SAONE-ET-LOIRE;79384;62423
72;SARTHE;66926;53688
72;SARTHE;80254;63117
72;SARTHE;78661;63680
72;SARTHE;70717;57620
72;SARTHE;82058;66405
73;SAVOIE;89479;72304
73;SAVOIE;74923;59194
73;SAVOIE;84950;67901
74;HAUTE-SAVOIE;81829;66728
74;HAUTE-SAVOIE;71755;57714
74;HAUTE-SAVOIE;70995;56371
74;HAUTE-SAVOIE;74852;58462
74;HAUTE-SAVOIE;86301;67892
75;PARIS;58598;42108
75;PARIS;58604;44021
75;PARIS;47145;35052
75;PARIS;54363;38684
75;PARIS;43014;30383
75;PARIS;58042;41811
75;PARIS;58464;42183
75;PARIS;65169;48499
75;PARIS;54352;40061
75;PARIS;60834;44998
75;PARIS;57039;41448
75;PARIS;64271;47736
75;PARIS;68159;50429
75;PARIS;49144;37590
75;PARIS;41578;31221
75;PARIS;54014;40145
75;PARIS;52963;37967
75;PARIS;52880;38509
75;PARIS;43213;31153
75;PARIS;59267;42990
75;PARIS;66923;49524
76;SEINE-MARITIME;59198;46024
76;SEINE-MARITIME;79548;63233
76;SEINE-MARITIME;56781;44514
76;SEINE-MARITIME;70170;56170
76;SEINE-MARITIME;83002;67560
76;SEINE-MARITIME;74542;58866
76;SEINE-MARITIME;61107;46061
76;SEINE-MARITIME;56012;41306
76;SEINE-MARITIME;76393;62316
76;SEINE-MARITIME;75360;62393
76;SEINE-MARITIME;72471;58182
76;SEINE-MARITIME;67182;55749
77;SEINE-ET-MARNE;80247;59570
77;SEINE-ET-MARNE;71113;55256
77;SEINE-ET-MARNE;71222;54015
77;SEINE-ET-MARNE;73040;57242
77;SEINE-ET-MARNE;75062;57568
77;SEINE-ET-MARNE;70857;53890
77;SEINE-ET-MARNE;78758;57790
77;SEINE-ET-MARNE;83502;61450
77;SEINE-ET-MARNE;87204;65819
78;YVELINES;82928;63781
78;YVELINES;72584;56007
78;YVELINES;66387;49971
78;YVELINES;68090;51820
78;YVELINES;65661;49841
78;YVELINES;55898;42295
78;YVELINES;68071;52066
78;YVELINES;59163;46694
78;YVELINES;76439;60593
78;YVELINES;90252;71557
78;YVELINES;52305;39888
78;YVELINES;65162;50109
79;DEUX-SEVRES;60548;47940
79;DEUX-SEVRES;68710;55606
79;DEUX-SEVRES;61491;50998
79;DEUX-SEVRES;68510;57106
80;SOMME;57448;45926
80;SOMME;62625;49887
80;SOMME;65963;56021
80;SOMME;69981;58074
80;SOMME;63431;53550
80;SOMME;71854;60334
81;TARN;56564;47009
81;TARN;72154;59837
81;TARN;58618;48851
81;TARN;69950;59841
82;TARN-ET-GARONNE;75367;62446
82;TARN-ET-GARONNE;75866;62770
83;VAR;53655;38505
83;VAR;56437;41494
83;VAR;94453;72079
83;VAR;95433;76090
83;VAR;85618;66086
83;VAR;118271;93215
83;VAR;97524;70059
84;VAUCLUSE;68561;53217
84;VAUCLUSE;101777;81376
84;VAUCLUSE;81724;65671
84;VAUCLUSE;73222;59603
85;VENDEE;79252;67197
85;VENDEE;75402;64017
85;VENDEE;86540;69843
85;VENDEE;78625;69110
85;VENDEE;74396;62111
86;VIENNE;72007;58639
86;VIENNE;65912;53655
86;VIENNE;69405;56496
86;VIENNE;74077;59017
87;HAUTE-VIENNE;53734;44219
87;HAUTE-VIENNE;72281;60644
87;HAUTE-VIENNE;67105;55053
87;HAUTE-VIENNE;70079;58561
88;VOSGES;73420;59216
88;VOSGES;71975;57304
88;VOSGES;64807;53323
88;VOSGES;68707;56159
89;YONNE;74657;59300
89;YONNE;71845;57538
89;YONNE;83803;67131
90;TERRITOIRE DE BELFORT;42130;34203
90;TERRITOIRE DE BELFORT;45538;37153
91;ESSONNE;60911;46727
91;ESSONNE;72590;57637
91;ESSONNE;82262;64902
91;ESSONNE;72485;56424
91;ESSONNE;61597;47449
91;ESSONNE;69793;52238
91;ESSONNE;68544;52173
91;ESSONNE;70219;52012
91;ESSONNE;68346;51947
91;ESSONNE;56879;43278
92;HAUTS-DE-SEINE;57973;41888
92;HAUTS-DE-SEINE;57072;42211
92;HAUTS-DE-SEINE;64838;49266
92;HAUTS-DE-SEINE;61572;45923
92;HAUTS-DE-SEINE;54165;40464
92;HAUTS-DE-SEINE;60096;46133
92;HAUTS-DE-SEINE;75116;56485
92;HAUTS-DE-SEINE;65004;49531
92;HAUTS-DE-SEINE;53670;40548
92;HAUTS-DE-SEINE;54441;40577
92;HAUTS-DE-SEINE;61948;45257
92;HAUTS-DE-SEINE;75782;56453
92;HAUTS-DE-SEINE;82232;61366
93;SEINE-SAINT-DENIS;48998;34851
93;SEINE-SAINT-DENIS;48879;34665
93;SEINE-SAINT-DENIS;49265;34034
93;SEINE-SAINT-DENIS;44327;31868
93;SEINE-SAINT-DENIS;53574;38390
93;SEINE-SAINT-DENIS;57236;41236
93;SEINE-SAINT-DENIS;46489;33782
93;SEINE-SAINT-DENIS;59205;43652
93;SEINE-SAINT-DENIS;55685;39916
93;SEINE-SAINT-DENIS;47881;35509
93;SEINE-SAINT-DENIS;54721;40260
93;SEINE-SAINT-DENIS;57751;43260
93;SEINE-SAINT-DENIS;59908;44683
94;VAL-DE-MARNE;52174;39932
94;VAL-DE-MARNE;60113;45345
94;VAL-DE-MARNE;65103;49391
94;VAL-DE-MARNE;62656;48750
94;VAL-DE-MARNE;56516;42615
94;VAL-DE-MARNE;71728;52946
94;VAL-DE-MARNE;53736;41001
94;VAL-DE-MARNE;54301;40979
94;VAL-DE-MARNE;46388;35044
94;VAL-DE-MARNE;56024;41683
94;VAL-DE-MARNE;53793;40046
94;VAL-DE-MARNE;60029;45085
95;VAL-D'OISE;69636;54452
95;VAL-D'OISE;93213;71818
95;VAL-D'OISE;73864;55840
95;VAL-D'OISE;69801;51665
95;VAL-D'OISE;60444;45086
95;VAL-D'OISE;66520;49303
95;VAL-D'OISE;73584;55724
95;VAL-D'OISE;47003;34635
95;VAL-D'OISE;57033;43589